name,accession,id,taxid,metaprotein
DCTN1,DCTN1_HUMAN,Protein-115,9606,4
DCTN1,DCTN1_HUMAN,Protein-116,9606,4
DCTN1,DCTN1_HUMAN,Protein-117,9606,4
DCTN1,DCTN1_HUMAN,Protein-118,9606,4
DCTN1,DCTN1_HUMAN,Protein-119,9606,4
DCTN1,DCTN1_HUMAN,Protein-120,9606,4
DCTN1,DCTN1_HUMAN,Protein-121,9606,4
DCTN1,DCTN1_HUMAN,Protein-122,9606,4
DCTN1,DCTN1_HUMAN,Protein-154,9606,4
DCTN1,DCTN1_HUMAN,Protein-155,9606,4
DCTN1,DCTN1_HUMAN,Protein-156,9606,4
DCTN1,DCTN1_HUMAN,Protein-157,9606,4
DCTN1,DCTN1_HUMAN,Protein-158,9606,4
DCTN1,DCTN1_HUMAN,Protein-159,9606,4
DCTN1,DCTN1_HUMAN,Protein-160,9606,4
DCTN1,DCTN1_HUMAN,Protein-161,9606,4
DCTN1,DCTN1_HUMAN,Protein-188,9606,4
DCTN1,DCTN1_HUMAN,Protein-189,9606,4
DCTN1,DCTN1_HUMAN,Protein-190,9606,4
DCTN1,DCTN1_HUMAN,Protein-191,9606,4
DCTN1,DCTN1_HUMAN,Protein-192,9606,4
DCTN1,DCTN1_HUMAN,Protein-193,9606,4
DCTN1,DCTN1_HUMAN,Protein-194,9606,4
DCTN1,DCTN1_HUMAN,Protein-195,9606,4
DCTN1,DCTN1_HUMAN,Protein-227,9606,4
DCTN1,DCTN1_HUMAN,Protein-228,9606,4
DCTN1,DCTN1_HUMAN,Protein-229,9606,4
DCTN1,DCTN1_HUMAN,Protein-230,9606,4
DCTN1,DCTN1_HUMAN,Protein-231,9606,4
DCTN1,DCTN1_HUMAN,Protein-232,9606,4
DCTN1,DCTN1_HUMAN,Protein-233,9606,4
DCTN1,DCTN1_HUMAN,Protein-234,9606,4
DCTN1,DCTN1_HUMAN,Protein-261,9606,4
DCTN1,DCTN1_HUMAN,Protein-262,9606,4
DCTN1,DCTN1_HUMAN,Protein-263,9606,4
DCTN1,DCTN1_HUMAN,Protein-264,9606,4
DCTN1,DCTN1_HUMAN,Protein-265,9606,4
DCTN1,DCTN1_HUMAN,Protein-266,9606,4
DCTN1,DCTN1_HUMAN,Protein-267,9606,4
DCTN1,DCTN1_HUMAN,Protein-268,9606,4
DCTN1,DCTN1_HUMAN,Protein-300,9606,4
DCTN1,DCTN1_HUMAN,Protein-301,9606,4
DCTN1,DCTN1_HUMAN,Protein-302,9606,4
DCTN1,DCTN1_HUMAN,Protein-303,9606,4
DCTN1,DCTN1_HUMAN,Protein-304,9606,4
DCTN1,DCTN1_HUMAN,Protein-305,9606,4
DCTN1,DCTN1_HUMAN,Protein-306,9606,4
DCTN1,DCTN1_HUMAN,Protein-307,9606,4
DCTN1,DCTN1_HUMAN,Protein-345,9606,4
DCTN1,DCTN1_HUMAN,Protein-346,9606,4
DCTN1,DCTN1_HUMAN,Protein-347,9606,4
DCTN1,DCTN1_HUMAN,Protein-348,9606,4
DCTN1,DCTN1_HUMAN,Protein-349,9606,4
DCTN1,DCTN1_HUMAN,Protein-350,9606,4
DCTN1,DCTN1_HUMAN,Protein-351,9606,4
DCTN1,DCTN1_HUMAN,Protein-352,9606,4
DCTN1,DCTN1_HUMAN,Protein-384,9606,4
DCTN1,DCTN1_HUMAN,Protein-385,9606,4
DCTN1,DCTN1_HUMAN,Protein-386,9606,4
DCTN1,DCTN1_HUMAN,Protein-387,9606,4
DCTN1,DCTN1_HUMAN,Protein-388,9606,4
DCTN1,DCTN1_HUMAN,Protein-389,9606,4
DCTN1,DCTN1_HUMAN,Protein-390,9606,4
DCTN1,DCTN1_HUMAN,Protein-391,9606,4
DCTN1,DCTN1_HUMAN,Protein-418,9606,4
DCTN1,DCTN1_HUMAN,Protein-419,9606,4
DCTN1,DCTN1_HUMAN,Protein-420,9606,4
DCTN1,DCTN1_HUMAN,Protein-421,9606,4
DCTN1,DCTN1_HUMAN,Protein-422,9606,4
DCTN1,DCTN1_HUMAN,Protein-423,9606,4
DCTN1,DCTN1_HUMAN,Protein-424,9606,4
DCTN1,DCTN1_HUMAN,Protein-425,9606,4
DCTN1,DCTN1_HUMAN,Protein-457,9606,4
DCTN1,DCTN1_HUMAN,Protein-458,9606,4
DCTN1,DCTN1_HUMAN,Protein-459,9606,4
DCTN1,DCTN1_HUMAN,Protein-460,9606,4
DCTN1,DCTN1_HUMAN,Protein-461,9606,4
DCTN1,DCTN1_HUMAN,Protein-462,9606,4
DCTN1,DCTN1_HUMAN,Protein-463,9606,4
DCTN1,DCTN1_HUMAN,Protein-464,9606,4
DCTN1,DCTN1_HUMAN,Protein-491,9606,4
DCTN1,DCTN1_HUMAN,Protein-492,9606,4
DCTN1,DCTN1_HUMAN,Protein-493,9606,4
DCTN1,DCTN1_HUMAN,Protein-494,9606,4
DCTN1,DCTN1_HUMAN,Protein-495,9606,4
DCTN1,DCTN1_HUMAN,Protein-496,9606,4
DCTN1,DCTN1_HUMAN,Protein-497,9606,4
DCTN1,DCTN1_HUMAN,Protein-498,9606,4
DCTN1,DCTN1_HUMAN,Protein-521,9606,4
DCTN1,DCTN1_HUMAN,Protein-522,9606,4
DCTN1,DCTN1_HUMAN,Protein-523,9606,4
DCTN1,DCTN1_HUMAN,Protein-524,9606,4
DCTN1,DCTN1_HUMAN,Protein-525,9606,4
DCTN1,DCTN1_HUMAN,Protein-526,9606,4
DCTN1,DCTN1_HUMAN,Protein-527,9606,4
DCTN1,DCTN1_HUMAN,Protein-528,9606,4
DCTN1,DCTN1_HUMAN,Protein-560,9606,4
DCTN1,DCTN1_HUMAN,Protein-561,9606,4
DCTN1,DCTN1_HUMAN,Protein-562,9606,4
DCTN1,DCTN1_HUMAN,Protein-563,9606,4
DCTN1,DCTN1_HUMAN,Protein-564,9606,4
DCTN1,DCTN1_HUMAN,Protein-565,9606,4
DCTN1,DCTN1_HUMAN,Protein-566,9606,4
DCTN1,DCTN1_HUMAN,Protein-567,9606,4
DCTN1,DCTN1_HUMAN,Protein-594,9606,4
DCTN1,DCTN1_HUMAN,Protein-595,9606,4
DCTN1,DCTN1_HUMAN,Protein-596,9606,4
DCTN1,DCTN1_HUMAN,Protein-597,9606,4
DCTN1,DCTN1_HUMAN,Protein-598,9606,4
DCTN1,DCTN1_HUMAN,Protein-599,9606,4
DCTN1,DCTN1_HUMAN,Protein-600,9606,4
DCTN1,DCTN1_HUMAN,Protein-601,9606,4
DCTN1,DCTN1_HUMAN,Protein-628,9606,4
DCTN1,DCTN1_HUMAN,Protein-629,9606,4
DCTN1,DCTN1_HUMAN,Protein-630,9606,4
DCTN1,DCTN1_HUMAN,Protein-631,9606,4
DCTN1,DCTN1_HUMAN,Protein-632,9606,4
DCTN1,DCTN1_HUMAN,Protein-633,9606,4
DCTN1,DCTN1_HUMAN,Protein-634,9606,4
DCTN1,DCTN1_HUMAN,Protein-635,9606,4
DCTN1,DCTN1_HUMAN,Protein-667,9606,4
DCTN1,DCTN1_HUMAN,Protein-668,9606,4
DCTN1,DCTN1_HUMAN,Protein-669,9606,4
DCTN1,DCTN1_HUMAN,Protein-670,9606,4
DCTN1,DCTN1_HUMAN,Protein-671,9606,4
DCTN1,DCTN1_HUMAN,Protein-672,9606,4
DCTN1,DCTN1_HUMAN,Protein-673,9606,4
DCTN1,DCTN1_HUMAN,Protein-674,9606,4
DCTN1,DCTN1_HUMAN,Protein-701,9606,4
DCTN1,DCTN1_HUMAN,Protein-702,9606,4
DCTN1,DCTN1_HUMAN,Protein-703,9606,4
DCTN1,DCTN1_HUMAN,Protein-704,9606,4
DCTN1,DCTN1_HUMAN,Protein-705,9606,4
DCTN1,DCTN1_HUMAN,Protein-706,9606,4
DCTN1,DCTN1_HUMAN,Protein-707,9606,4
DCTN1,DCTN1_HUMAN,Protein-708,9606,4
DCTN1,DCTN1_HUMAN,Protein-752,9606,4
DCTN1,DCTN1_HUMAN,Protein-753,9606,4
DCTN1,DCTN1_HUMAN,Protein-754,9606,4
DCTN1,DCTN1_HUMAN,Protein-755,9606,4
DCTN1,DCTN1_HUMAN,Protein-756,9606,4
DCTN1,DCTN1_HUMAN,Protein-757,9606,4
DCTN1,DCTN1_HUMAN,Protein-758,9606,4
DCTN1,DCTN1_HUMAN,Protein-759,9606,4
DCTN1,DCTN1_HUMAN,Protein-791,9606,4
DCTN1,DCTN1_HUMAN,Protein-792,9606,4
DCTN1,DCTN1_HUMAN,Protein-793,9606,4
DCTN1,DCTN1_HUMAN,Protein-794,9606,4
DCTN1,DCTN1_HUMAN,Protein-795,9606,4
DCTN1,DCTN1_HUMAN,Protein-796,9606,4
DCTN1,DCTN1_HUMAN,Protein-797,9606,4
DCTN1,DCTN1_HUMAN,Protein-798,9606,4
DCTN1,DCTN1_HUMAN,Protein-825,9606,4
DCTN1,DCTN1_HUMAN,Protein-826,9606,4
DCTN1,DCTN1_HUMAN,Protein-827,9606,4
DCTN1,DCTN1_HUMAN,Protein-828,9606,4
DCTN1,DCTN1_HUMAN,Protein-829,9606,4
DCTN1,DCTN1_HUMAN,Protein-830,9606,4
DCTN1,DCTN1_HUMAN,Protein-831,9606,4
DCTN1,DCTN1_HUMAN,Protein-832,9606,4
DCTN1,DCTN1_HUMAN,Protein-864,9606,4
DCTN1,DCTN1_HUMAN,Protein-865,9606,4
DCTN1,DCTN1_HUMAN,Protein-866,9606,4
DCTN1,DCTN1_HUMAN,Protein-867,9606,4
DCTN1,DCTN1_HUMAN,Protein-868,9606,4
DCTN1,DCTN1_HUMAN,Protein-869,9606,4
DCTN1,DCTN1_HUMAN,Protein-870,9606,4
DCTN1,DCTN1_HUMAN,Protein-871,9606,4
DCTN1,DCTN1_HUMAN,Protein-909,9606,4
DCTN1,DCTN1_HUMAN,Protein-910,9606,4
DCTN1,DCTN1_HUMAN,Protein-911,9606,4
DCTN1,DCTN1_HUMAN,Protein-912,9606,4
DCTN1,DCTN1_HUMAN,Protein-913,9606,4
DCTN1,DCTN1_HUMAN,Protein-914,9606,4
DCTN1,DCTN1_HUMAN,Protein-915,9606,4
DCTN1,DCTN1_HUMAN,Protein-916,9606,4
DCTN1,DCTN1_HUMAN,Protein-948,9606,4
DCTN1,DCTN1_HUMAN,Protein-949,9606,4
DCTN1,DCTN1_HUMAN,Protein-950,9606,4
DCTN1,DCTN1_HUMAN,Protein-951,9606,4
DCTN1,DCTN1_HUMAN,Protein-952,9606,4
DCTN1,DCTN1_HUMAN,Protein-953,9606,4
DCTN1,DCTN1_HUMAN,Protein-954,9606,4
DCTN1,DCTN1_HUMAN,Protein-955,9606,4
DCTN1,DCTN1_HUMAN,Protein-982,9606,4
DCTN1,DCTN1_HUMAN,Protein-983,9606,4
DCTN1,DCTN1_HUMAN,Protein-984,9606,4
DCTN1,DCTN1_HUMAN,Protein-985,9606,4
DCTN1,DCTN1_HUMAN,Protein-986,9606,4
DCTN1,DCTN1_HUMAN,Protein-987,9606,4
DCTN1,DCTN1_HUMAN,Protein-988,9606,4
DCTN1,DCTN1_HUMAN,Protein-989,9606,4
DCTN1,DCTN1_HUMAN,Protein-1021,9606,4
DCTN1,DCTN1_HUMAN,Protein-1022,9606,4
DCTN1,DCTN1_HUMAN,Protein-1023,9606,4
DCTN1,DCTN1_HUMAN,Protein-1024,9606,4
DCTN1,DCTN1_HUMAN,Protein-1025,9606,4
DCTN1,DCTN1_HUMAN,Protein-1026,9606,4
DCTN1,DCTN1_HUMAN,Protein-1027,9606,4
DCTN1,DCTN1_HUMAN,Protein-1028,9606,4
DCTN1,DCTN1_HUMAN,Protein-1055,9606,4
DCTN1,DCTN1_HUMAN,Protein-1056,9606,4
DCTN1,DCTN1_HUMAN,Protein-1057,9606,4
DCTN1,DCTN1_HUMAN,Protein-1058,9606,4
DCTN1,DCTN1_HUMAN,Protein-1059,9606,4
DCTN1,DCTN1_HUMAN,Protein-1060,9606,4
DCTN1,DCTN1_HUMAN,Protein-1061,9606,4
DCTN1,DCTN1_HUMAN,Protein-1062,9606,4
DCTN1,DCTN1_HUMAN,Protein-1094,9606,4
DCTN1,DCTN1_HUMAN,Protein-1095,9606,4
DCTN1,DCTN1_HUMAN,Protein-1096,9606,4
DCTN1,DCTN1_HUMAN,Protein-1097,9606,4
DCTN1,DCTN1_HUMAN,Protein-1098,9606,4
DCTN1,DCTN1_HUMAN,Protein-1099,9606,4
DCTN1,DCTN1_HUMAN,Protein-1100,9606,4
DCTN1,DCTN1_HUMAN,Protein-1101,9606,4
DCTN1,DCTN1_HUMAN,Protein-1122,9606,4
DCTN1,DCTN1_HUMAN,Protein-1123,9606,4
DCTN1,DCTN1_HUMAN,Protein-1124,9606,4
DCTN1,DCTN1_HUMAN,Protein-1125,9606,4
DCTN1,DCTN1_HUMAN,Protein-1126,9606,4
DCTN1,DCTN1_HUMAN,Protein-1127,9606,4
DCTN1,DCTN1_HUMAN,Protein-1128,9606,4
DCTN1,DCTN1_HUMAN,Protein-1129,9606,4
DCTN1,DCTN1_HUMAN,Protein-1161,9606,4
DCTN1,DCTN1_HUMAN,Protein-1162,9606,4
DCTN1,DCTN1_HUMAN,Protein-1163,9606,4
DCTN1,DCTN1_HUMAN,Protein-1164,9606,4
DCTN1,DCTN1_HUMAN,Protein-1165,9606,4
DCTN1,DCTN1_HUMAN,Protein-1166,9606,4
DCTN1,DCTN1_HUMAN,Protein-1167,9606,4
DCTN1,DCTN1_HUMAN,Protein-1168,9606,4
DCTN1,DCTN1_HUMAN,Protein-1200,9606,4
DCTN1,DCTN1_HUMAN,Protein-1201,9606,4
DCTN1,DCTN1_HUMAN,Protein-1202,9606,4
DCTN1,DCTN1_HUMAN,Protein-1203,9606,4
DCTN1,DCTN1_HUMAN,Protein-1204,9606,4
DCTN1,DCTN1_HUMAN,Protein-1205,9606,4
DCTN1,DCTN1_HUMAN,Protein-1206,9606,4
DCTN1,DCTN1_HUMAN,Protein-1207,9606,4
DCTN1,DCTN1_HUMAN,Protein-1234,9606,4
DCTN1,DCTN1_HUMAN,Protein-1235,9606,4
DCTN1,DCTN1_HUMAN,Protein-1236,9606,4
DCTN1,DCTN1_HUMAN,Protein-1237,9606,4
DCTN1,DCTN1_HUMAN,Protein-1238,9606,4
DCTN1,DCTN1_HUMAN,Protein-1239,9606,4
DCTN1,DCTN1_HUMAN,Protein-1240,9606,4
DCTN1,DCTN1_HUMAN,Protein-1241,9606,4
DCTN1,DCTN1_HUMAN,Protein-1273,9606,4
DCTN1,DCTN1_HUMAN,Protein-1274,9606,4
DCTN1,DCTN1_HUMAN,Protein-1275,9606,4
DCTN1,DCTN1_HUMAN,Protein-1276,9606,4
DCTN1,DCTN1_HUMAN,Protein-1277,9606,4
DCTN1,DCTN1_HUMAN,Protein-1278,9606,4
DCTN1,DCTN1_HUMAN,Protein-1279,9606,4
DCTN1,DCTN1_HUMAN,Protein-1280,9606,4
DCTN1,DCTN1_HUMAN,Protein-1307,9606,4
DCTN1,DCTN1_HUMAN,Protein-1308,9606,4
DCTN1,DCTN1_HUMAN,Protein-1309,9606,4
DCTN1,DCTN1_HUMAN,Protein-1310,9606,4
DCTN1,DCTN1_HUMAN,Protein-1311,9606,4
DCTN1,DCTN1_HUMAN,Protein-1312,9606,4
DCTN1,DCTN1_HUMAN,Protein-1313,9606,4
DCTN1,DCTN1_HUMAN,Protein-1314,9606,4
DCTN1,DCTN1_HUMAN,Protein-1346,9606,4
DCTN1,DCTN1_HUMAN,Protein-1347,9606,4
DCTN1,DCTN1_HUMAN,Protein-1348,9606,4
DCTN1,DCTN1_HUMAN,Protein-1349,9606,4
DCTN1,DCTN1_HUMAN,Protein-1350,9606,4
DCTN1,DCTN1_HUMAN,Protein-1351,9606,4
DCTN1,DCTN1_HUMAN,Protein-1352,9606,4
DCTN1,DCTN1_HUMAN,Protein-1353,9606,4
DCTN1,DCTN1_HUMAN,Protein-1391,9606,4
DCTN1,DCTN1_HUMAN,Protein-1392,9606,4
DCTN1,DCTN1_HUMAN,Protein-1393,9606,4
DCTN1,DCTN1_HUMAN,Protein-1394,9606,4
DCTN1,DCTN1_HUMAN,Protein-1395,9606,4
DCTN1,DCTN1_HUMAN,Protein-1396,9606,4
DCTN1,DCTN1_HUMAN,Protein-1397,9606,4
DCTN1,DCTN1_HUMAN,Protein-1398,9606,4
DCTN1,DCTN1_HUMAN,Protein-1430,9606,4
DCTN1,DCTN1_HUMAN,Protein-1431,9606,4
DCTN1,DCTN1_HUMAN,Protein-1432,9606,4
DCTN1,DCTN1_HUMAN,Protein-1433,9606,4
DCTN1,DCTN1_HUMAN,Protein-1434,9606,4
DCTN1,DCTN1_HUMAN,Protein-1435,9606,4
DCTN1,DCTN1_HUMAN,Protein-1436,9606,4
DCTN1,DCTN1_HUMAN,Protein-1437,9606,4
DCTN1,DCTN1_HUMAN,Protein-1464,9606,4
DCTN1,DCTN1_HUMAN,Protein-1465,9606,4
DCTN1,DCTN1_HUMAN,Protein-1466,9606,4
DCTN1,DCTN1_HUMAN,Protein-1467,9606,4
DCTN1,DCTN1_HUMAN,Protein-1468,9606,4
DCTN1,DCTN1_HUMAN,Protein-1469,9606,4
DCTN1,DCTN1_HUMAN,Protein-1470,9606,4
DCTN1,DCTN1_HUMAN,Protein-1471,9606,4
DCTN1,DCTN1_HUMAN,Protein-1503,9606,4
DCTN1,DCTN1_HUMAN,Protein-1504,9606,4
DCTN1,DCTN1_HUMAN,Protein-1505,9606,4
DCTN1,DCTN1_HUMAN,Protein-1506,9606,4
DCTN1,DCTN1_HUMAN,Protein-1507,9606,4
DCTN1,DCTN1_HUMAN,Protein-1508,9606,4
DCTN1,DCTN1_HUMAN,Protein-1509,9606,4
DCTN1,DCTN1_HUMAN,Protein-1510,9606,4
DCTN1,DCTN1_HUMAN,Protein-1537,9606,4
DCTN1,DCTN1_HUMAN,Protein-1538,9606,4
DCTN1,DCTN1_HUMAN,Protein-1539,9606,4
DCTN1,DCTN1_HUMAN,Protein-1540,9606,4
DCTN1,DCTN1_HUMAN,Protein-1541,9606,4
DCTN1,DCTN1_HUMAN,Protein-1542,9606,4
DCTN1,DCTN1_HUMAN,Protein-1543,9606,4
DCTN1,DCTN1_HUMAN,Protein-1544,9606,4
DCTN1,DCTN1_HUMAN,Protein-1567,9606,4
DCTN1,DCTN1_HUMAN,Protein-1568,9606,4
DCTN1,DCTN1_HUMAN,Protein-1569,9606,4
DCTN1,DCTN1_HUMAN,Protein-1570,9606,4
DCTN1,DCTN1_HUMAN,Protein-1571,9606,4
DCTN1,DCTN1_HUMAN,Protein-1572,9606,4
DCTN1,DCTN1_HUMAN,Protein-1573,9606,4
DCTN1,DCTN1_HUMAN,Protein-1574,9606,4
DCTN1,DCTN1_HUMAN,Protein-1606,9606,4
DCTN1,DCTN1_HUMAN,Protein-1607,9606,4
DCTN1,DCTN1_HUMAN,Protein-1608,9606,4
DCTN1,DCTN1_HUMAN,Protein-1609,9606,4
DCTN1,DCTN1_HUMAN,Protein-1610,9606,4
DCTN1,DCTN1_HUMAN,Protein-1611,9606,4
DCTN1,DCTN1_HUMAN,Protein-1612,9606,4
DCTN1,DCTN1_HUMAN,Protein-1613,9606,4
DCTN1,DCTN1_HUMAN,Protein-1640,9606,4
DCTN1,DCTN1_HUMAN,Protein-1641,9606,4
DCTN1,DCTN1_HUMAN,Protein-1642,9606,4
DCTN1,DCTN1_HUMAN,Protein-1643,9606,4
DCTN1,DCTN1_HUMAN,Protein-1644,9606,4
DCTN1,DCTN1_HUMAN,Protein-1645,9606,4
DCTN1,DCTN1_HUMAN,Protein-1646,9606,4
DCTN1,DCTN1_HUMAN,Protein-1647,9606,4
DCTN1,DCTN1_HUMAN,Protein-1674,9606,4
DCTN1,DCTN1_HUMAN,Protein-1675,9606,4
DCTN1,DCTN1_HUMAN,Protein-1676,9606,4
DCTN1,DCTN1_HUMAN,Protein-1677,9606,4
DCTN1,DCTN1_HUMAN,Protein-1678,9606,4
DCTN1,DCTN1_HUMAN,Protein-1679,9606,4
DCTN1,DCTN1_HUMAN,Protein-1680,9606,4
DCTN1,DCTN1_HUMAN,Protein-1681,9606,4
DCTN1,DCTN1_HUMAN,Protein-1713,9606,4
DCTN1,DCTN1_HUMAN,Protein-1714,9606,4
DCTN1,DCTN1_HUMAN,Protein-1715,9606,4
DCTN1,DCTN1_HUMAN,Protein-1716,9606,4
DCTN1,DCTN1_HUMAN,Protein-1717,9606,4
DCTN1,DCTN1_HUMAN,Protein-1718,9606,4
DCTN1,DCTN1_HUMAN,Protein-1719,9606,4
DCTN1,DCTN1_HUMAN,Protein-1720,9606,4
DCTN1,DCTN1_HUMAN,Protein-1747,9606,4
DCTN1,DCTN1_HUMAN,Protein-1748,9606,4
DCTN1,DCTN1_HUMAN,Protein-1749,9606,4
DCTN1,DCTN1_HUMAN,Protein-1750,9606,4
DCTN1,DCTN1_HUMAN,Protein-1751,9606,4
DCTN1,DCTN1_HUMAN,Protein-1752,9606,4
DCTN1,DCTN1_HUMAN,Protein-1753,9606,4
DCTN1,DCTN1_HUMAN,Protein-1754,9606,4
DCTN1,DCTN1_HUMAN,Protein-1798,9606,4
DCTN1,DCTN1_HUMAN,Protein-1799,9606,4
DCTN1,DCTN1_HUMAN,Protein-1800,9606,4
DCTN1,DCTN1_HUMAN,Protein-1801,9606,4
DCTN1,DCTN1_HUMAN,Protein-1802,9606,4
DCTN1,DCTN1_HUMAN,Protein-1803,9606,4
DCTN1,DCTN1_HUMAN,Protein-1804,9606,4
DCTN1,DCTN1_HUMAN,Protein-1805,9606,4
DCTN1,DCTN1_HUMAN,Protein-1837,9606,4
DCTN1,DCTN1_HUMAN,Protein-1838,9606,4
DCTN1,DCTN1_HUMAN,Protein-1839,9606,4
DCTN1,DCTN1_HUMAN,Protein-1840,9606,4
DCTN1,DCTN1_HUMAN,Protein-1841,9606,4
DCTN1,DCTN1_HUMAN,Protein-1842,9606,4
DCTN1,DCTN1_HUMAN,Protein-1843,9606,4
DCTN1,DCTN1_HUMAN,Protein-1844,9606,4
DCTN1,DCTN1_HUMAN,Protein-1871,9606,4
DCTN1,DCTN1_HUMAN,Protein-1872,9606,4
DCTN1,DCTN1_HUMAN,Protein-1873,9606,4
DCTN1,DCTN1_HUMAN,Protein-1874,9606,4
DCTN1,DCTN1_HUMAN,Protein-1875,9606,4
DCTN1,DCTN1_HUMAN,Protein-1876,9606,4
DCTN1,DCTN1_HUMAN,Protein-1877,9606,4
DCTN1,DCTN1_HUMAN,Protein-1878,9606,4
DCTN1,DCTN1_HUMAN,Protein-1910,9606,4
DCTN1,DCTN1_HUMAN,Protein-1911,9606,4
DCTN1,DCTN1_HUMAN,Protein-1912,9606,4
DCTN1,DCTN1_HUMAN,Protein-1913,9606,4
DCTN1,DCTN1_HUMAN,Protein-1914,9606,4
DCTN1,DCTN1_HUMAN,Protein-1915,9606,4
DCTN1,DCTN1_HUMAN,Protein-1916,9606,4
DCTN1,DCTN1_HUMAN,Protein-1917,9606,4
DCTN1,DCTN1_HUMAN,Protein-1955,9606,4
DCTN1,DCTN1_HUMAN,Protein-1956,9606,4
DCTN1,DCTN1_HUMAN,Protein-1957,9606,4
DCTN1,DCTN1_HUMAN,Protein-1958,9606,4
DCTN1,DCTN1_HUMAN,Protein-1959,9606,4
DCTN1,DCTN1_HUMAN,Protein-1960,9606,4
DCTN1,DCTN1_HUMAN,Protein-1961,9606,4
DCTN1,DCTN1_HUMAN,Protein-1962,9606,4
DCTN1,DCTN1_HUMAN,Protein-1994,9606,4
DCTN1,DCTN1_HUMAN,Protein-1995,9606,4
DCTN1,DCTN1_HUMAN,Protein-1996,9606,4
DCTN1,DCTN1_HUMAN,Protein-1997,9606,4
DCTN1,DCTN1_HUMAN,Protein-1998,9606,4
DCTN1,DCTN1_HUMAN,Protein-1999,9606,4
DCTN1,DCTN1_HUMAN,Protein-2000,9606,4
DCTN1,DCTN1_HUMAN,Protein-2001,9606,4
DCTN1,DCTN1_HUMAN,Protein-2028,9606,4
DCTN1,DCTN1_HUMAN,Protein-2029,9606,4
DCTN1,DCTN1_HUMAN,Protein-2030,9606,4
DCTN1,DCTN1_HUMAN,Protein-2031,9606,4
DCTN1,DCTN1_HUMAN,Protein-2032,9606,4
DCTN1,DCTN1_HUMAN,Protein-2033,9606,4
DCTN1,DCTN1_HUMAN,Protein-2034,9606,4
DCTN1,DCTN1_HUMAN,Protein-2035,9606,4
DCTN1,DCTN1_HUMAN,Protein-2067,9606,4
DCTN1,DCTN1_HUMAN,Protein-2068,9606,4
DCTN1,DCTN1_HUMAN,Protein-2069,9606,4
DCTN1,DCTN1_HUMAN,Protein-2070,9606,4
DCTN1,DCTN1_HUMAN,Protein-2071,9606,4
DCTN1,DCTN1_HUMAN,Protein-2072,9606,4
DCTN1,DCTN1_HUMAN,Protein-2073,9606,4
DCTN1,DCTN1_HUMAN,Protein-2074,9606,4
GMIP,GMIP_HUMAN,Protein-101,9606,1
GMIP,GMIP_HUMAN,Protein-102,9606,1
GMIP,GMIP_HUMAN,Protein-132,9606,1
GMIP,GMIP_HUMAN,Protein-133,9606,1
GMIP,GMIP_HUMAN,Protein-140,9606,1
GMIP,GMIP_HUMAN,Protein-141,9606,1
GMIP,GMIP_HUMAN,Protein-171,9606,1
GMIP,GMIP_HUMAN,Protein-172,9606,1
GMIP,GMIP_HUMAN,Protein-174,9606,1
GMIP,GMIP_HUMAN,Protein-175,9606,1
GMIP,GMIP_HUMAN,Protein-205,9606,1
GMIP,GMIP_HUMAN,Protein-206,9606,1
GMIP,GMIP_HUMAN,Protein-213,9606,1
GMIP,GMIP_HUMAN,Protein-214,9606,1
GMIP,GMIP_HUMAN,Protein-244,9606,1
GMIP,GMIP_HUMAN,Protein-245,9606,1
GMIP,GMIP_HUMAN,Protein-247,9606,1
GMIP,GMIP_HUMAN,Protein-248,9606,1
GMIP,GMIP_HUMAN,Protein-278,9606,1
GMIP,GMIP_HUMAN,Protein-279,9606,1
GMIP,GMIP_HUMAN,Protein-286,9606,1
GMIP,GMIP_HUMAN,Protein-287,9606,1
GMIP,GMIP_HUMAN,Protein-317,9606,1
GMIP,GMIP_HUMAN,Protein-318,9606,1
GMIP,GMIP_HUMAN,Protein-320,9606,1
GMIP,GMIP_HUMAN,Protein-321,9606,1
GMIP,GMIP_HUMAN,Protein-331,9606,1
GMIP,GMIP_HUMAN,Protein-332,9606,1
GMIP,GMIP_HUMAN,Protein-362,9606,1
GMIP,GMIP_HUMAN,Protein-363,9606,1
GMIP,GMIP_HUMAN,Protein-370,9606,1
GMIP,GMIP_HUMAN,Protein-371,9606,1
GMIP,GMIP_HUMAN,Protein-401,9606,1
GMIP,GMIP_HUMAN,Protein-402,9606,1
GMIP,GMIP_HUMAN,Protein-404,9606,1
GMIP,GMIP_HUMAN,Protein-405,9606,1
GMIP,GMIP_HUMAN,Protein-435,9606,1
GMIP,GMIP_HUMAN,Protein-436,9606,1
GMIP,GMIP_HUMAN,Protein-443,9606,1
GMIP,GMIP_HUMAN,Protein-444,9606,1
GMIP,GMIP_HUMAN,Protein-474,9606,1
GMIP,GMIP_HUMAN,Protein-475,9606,1
GMIP,GMIP_HUMAN,Protein-477,9606,1
GMIP,GMIP_HUMAN,Protein-478,9606,1
GMIP,GMIP_HUMAN,Protein-507,9606,1
GMIP,GMIP_HUMAN,Protein-508,9606,1
GMIP,GMIP_HUMAN,Protein-538,9606,1
GMIP,GMIP_HUMAN,Protein-539,9606,1
GMIP,GMIP_HUMAN,Protein-546,9606,1
GMIP,GMIP_HUMAN,Protein-547,9606,1
GMIP,GMIP_HUMAN,Protein-577,9606,1
GMIP,GMIP_HUMAN,Protein-578,9606,1
GMIP,GMIP_HUMAN,Protein-580,9606,1
GMIP,GMIP_HUMAN,Protein-581,9606,1
GMIP,GMIP_HUMAN,Protein-611,9606,1
GMIP,GMIP_HUMAN,Protein-612,9606,1
GMIP,GMIP_HUMAN,Protein-614,9606,1
GMIP,GMIP_HUMAN,Protein-615,9606,1
GMIP,GMIP_HUMAN,Protein-645,9606,1
GMIP,GMIP_HUMAN,Protein-646,9606,1
GMIP,GMIP_HUMAN,Protein-653,9606,1
GMIP,GMIP_HUMAN,Protein-654,9606,1
GMIP,GMIP_HUMAN,Protein-684,9606,1
GMIP,GMIP_HUMAN,Protein-685,9606,1
GMIP,GMIP_HUMAN,Protein-687,9606,1
GMIP,GMIP_HUMAN,Protein-688,9606,1
GMIP,GMIP_HUMAN,Protein-718,9606,1
GMIP,GMIP_HUMAN,Protein-719,9606,1
GMIP,GMIP_HUMAN,Protein-726,9606,1
GMIP,GMIP_HUMAN,Protein-727,9606,1
GMIP,GMIP_HUMAN,Protein-738,9606,1
GMIP,GMIP_HUMAN,Protein-739,9606,1
GMIP,GMIP_HUMAN,Protein-769,9606,1
GMIP,GMIP_HUMAN,Protein-770,9606,1
GMIP,GMIP_HUMAN,Protein-777,9606,1
GMIP,GMIP_HUMAN,Protein-778,9606,1
GMIP,GMIP_HUMAN,Protein-808,9606,1
GMIP,GMIP_HUMAN,Protein-809,9606,1
GMIP,GMIP_HUMAN,Protein-811,9606,1
GMIP,GMIP_HUMAN,Protein-812,9606,1
GMIP,GMIP_HUMAN,Protein-842,9606,1
GMIP,GMIP_HUMAN,Protein-843,9606,1
GMIP,GMIP_HUMAN,Protein-850,9606,1
GMIP,GMIP_HUMAN,Protein-851,9606,1
GMIP,GMIP_HUMAN,Protein-881,9606,1
GMIP,GMIP_HUMAN,Protein-882,9606,1
GMIP,GMIP_HUMAN,Protein-884,9606,1
GMIP,GMIP_HUMAN,Protein-885,9606,1
GMIP,GMIP_HUMAN,Protein-895,9606,1
GMIP,GMIP_HUMAN,Protein-896,9606,1
GMIP,GMIP_HUMAN,Protein-926,9606,1
GMIP,GMIP_HUMAN,Protein-927,9606,1
GMIP,GMIP_HUMAN,Protein-934,9606,1
GMIP,GMIP_HUMAN,Protein-935,9606,1
GMIP,GMIP_HUMAN,Protein-965,9606,1
GMIP,GMIP_HUMAN,Protein-966,9606,1
GMIP,GMIP_HUMAN,Protein-968,9606,1
GMIP,GMIP_HUMAN,Protein-969,9606,1
GMIP,GMIP_HUMAN,Protein-999,9606,1
GMIP,GMIP_HUMAN,Protein-1000,9606,1
GMIP,GMIP_HUMAN,Protein-1007,9606,1
GMIP,GMIP_HUMAN,Protein-1008,9606,1
GMIP,GMIP_HUMAN,Protein-1038,9606,1
GMIP,GMIP_HUMAN,Protein-1039,9606,1
GMIP,GMIP_HUMAN,Protein-1041,9606,1
GMIP,GMIP_HUMAN,Protein-1042,9606,1
GMIP,GMIP_HUMAN,Protein-1072,9606,1
GMIP,GMIP_HUMAN,Protein-1073,9606,1
GMIP,GMIP_HUMAN,Protein-1080,9606,1
GMIP,GMIP_HUMAN,Protein-1081,9606,1
GMIP,GMIP_HUMAN,Protein-1108,9606,1
GMIP,GMIP_HUMAN,Protein-1109,9606,1
GMIP,GMIP_HUMAN,Protein-1139,9606,1
GMIP,GMIP_HUMAN,Protein-1140,9606,1
GMIP,GMIP_HUMAN,Protein-1147,9606,1
GMIP,GMIP_HUMAN,Protein-1148,9606,1
GMIP,GMIP_HUMAN,Protein-1178,9606,1
GMIP,GMIP_HUMAN,Protein-1179,9606,1
GMIP,GMIP_HUMAN,Protein-1186,9606,1
GMIP,GMIP_HUMAN,Protein-1187,9606,1
GMIP,GMIP_HUMAN,Protein-1217,9606,1
GMIP,GMIP_HUMAN,Protein-1218,9606,1
GMIP,GMIP_HUMAN,Protein-1220,9606,1
GMIP,GMIP_HUMAN,Protein-1221,9606,1
GMIP,GMIP_HUMAN,Protein-1251,9606,1
GMIP,GMIP_HUMAN,Protein-1252,9606,1
GMIP,GMIP_HUMAN,Protein-1259,9606,1
GMIP,GMIP_HUMAN,Protein-1260,9606,1
GMIP,GMIP_HUMAN,Protein-1290,9606,1
GMIP,GMIP_HUMAN,Protein-1291,9606,1
GMIP,GMIP_HUMAN,Protein-1293,9606,1
GMIP,GMIP_HUMAN,Protein-1294,9606,1
GMIP,GMIP_HUMAN,Protein-1324,9606,1
GMIP,GMIP_HUMAN,Protein-1325,9606,1
GMIP,GMIP_HUMAN,Protein-1332,9606,1
GMIP,GMIP_HUMAN,Protein-1333,9606,1
GMIP,GMIP_HUMAN,Protein-1363,9606,1
GMIP,GMIP_HUMAN,Protein-1364,9606,1
GMIP,GMIP_HUMAN,Protein-1366,9606,1
GMIP,GMIP_HUMAN,Protein-1367,9606,1
GMIP,GMIP_HUMAN,Protein-1377,9606,1
GMIP,GMIP_HUMAN,Protein-1378,9606,1
GMIP,GMIP_HUMAN,Protein-1408,9606,1
GMIP,GMIP_HUMAN,Protein-1409,9606,1
GMIP,GMIP_HUMAN,Protein-1416,9606,1
GMIP,GMIP_HUMAN,Protein-1417,9606,1
GMIP,GMIP_HUMAN,Protein-1447,9606,1
GMIP,GMIP_HUMAN,Protein-1448,9606,1
GMIP,GMIP_HUMAN,Protein-1450,9606,1
GMIP,GMIP_HUMAN,Protein-1451,9606,1
GMIP,GMIP_HUMAN,Protein-1481,9606,1
GMIP,GMIP_HUMAN,Protein-1482,9606,1
GMIP,GMIP_HUMAN,Protein-1489,9606,1
GMIP,GMIP_HUMAN,Protein-1490,9606,1
GMIP,GMIP_HUMAN,Protein-1520,9606,1
GMIP,GMIP_HUMAN,Protein-1521,9606,1
GMIP,GMIP_HUMAN,Protein-1523,9606,1
GMIP,GMIP_HUMAN,Protein-1524,9606,1
GMIP,GMIP_HUMAN,Protein-1553,9606,1
GMIP,GMIP_HUMAN,Protein-1554,9606,1
GMIP,GMIP_HUMAN,Protein-1584,9606,1
GMIP,GMIP_HUMAN,Protein-1585,9606,1
GMIP,GMIP_HUMAN,Protein-1592,9606,1
GMIP,GMIP_HUMAN,Protein-1593,9606,1
GMIP,GMIP_HUMAN,Protein-1623,9606,1
GMIP,GMIP_HUMAN,Protein-1624,9606,1
GMIP,GMIP_HUMAN,Protein-1626,9606,1
GMIP,GMIP_HUMAN,Protein-1627,9606,1
GMIP,GMIP_HUMAN,Protein-1657,9606,1
GMIP,GMIP_HUMAN,Protein-1658,9606,1
GMIP,GMIP_HUMAN,Protein-1660,9606,1
GMIP,GMIP_HUMAN,Protein-1661,9606,1
GMIP,GMIP_HUMAN,Protein-1691,9606,1
GMIP,GMIP_HUMAN,Protein-1692,9606,1
GMIP,GMIP_HUMAN,Protein-1699,9606,1
GMIP,GMIP_HUMAN,Protein-1700,9606,1
GMIP,GMIP_HUMAN,Protein-1730,9606,1
GMIP,GMIP_HUMAN,Protein-1731,9606,1
GMIP,GMIP_HUMAN,Protein-1733,9606,1
GMIP,GMIP_HUMAN,Protein-1734,9606,1
GMIP,GMIP_HUMAN,Protein-1764,9606,1
GMIP,GMIP_HUMAN,Protein-1765,9606,1
GMIP,GMIP_HUMAN,Protein-1772,9606,1
GMIP,GMIP_HUMAN,Protein-1773,9606,1
GMIP,GMIP_HUMAN,Protein-1784,9606,1
GMIP,GMIP_HUMAN,Protein-1785,9606,1
GMIP,GMIP_HUMAN,Protein-1815,9606,1
GMIP,GMIP_HUMAN,Protein-1816,9606,1
GMIP,GMIP_HUMAN,Protein-1823,9606,1
GMIP,GMIP_HUMAN,Protein-1824,9606,1
GMIP,GMIP_HUMAN,Protein-1854,9606,1
GMIP,GMIP_HUMAN,Protein-1855,9606,1
GMIP,GMIP_HUMAN,Protein-1857,9606,1
GMIP,GMIP_HUMAN,Protein-1858,9606,1
GMIP,GMIP_HUMAN,Protein-1888,9606,1
GMIP,GMIP_HUMAN,Protein-1889,9606,1
GMIP,GMIP_HUMAN,Protein-1896,9606,1
GMIP,GMIP_HUMAN,Protein-1897,9606,1
GMIP,GMIP_HUMAN,Protein-1927,9606,1
GMIP,GMIP_HUMAN,Protein-1928,9606,1
GMIP,GMIP_HUMAN,Protein-1930,9606,1
GMIP,GMIP_HUMAN,Protein-1931,9606,1
GMIP,GMIP_HUMAN,Protein-1941,9606,1
GMIP,GMIP_HUMAN,Protein-1942,9606,1
GMIP,GMIP_HUMAN,Protein-1972,9606,1
GMIP,GMIP_HUMAN,Protein-1973,9606,1
GMIP,GMIP_HUMAN,Protein-1980,9606,1
GMIP,GMIP_HUMAN,Protein-1981,9606,1
GMIP,GMIP_HUMAN,Protein-2011,9606,1
GMIP,GMIP_HUMAN,Protein-2012,9606,1
GMIP,GMIP_HUMAN,Protein-2014,9606,1
GMIP,GMIP_HUMAN,Protein-2015,9606,1
GMIP,GMIP_HUMAN,Protein-2045,9606,1
GMIP,GMIP_HUMAN,Protein-2046,9606,1
GMIP,GMIP_HUMAN,Protein-2053,9606,1
GMIP,GMIP_HUMAN,Protein-2054,9606,1
GMIP,GMIP_HUMAN,Protein-2084,9606,1
GMIP,GMIP_HUMAN,Protein-2085,9606,1
GMIP,GMIP_HUMAN,Protein-2087,9606,1
GMIP,GMIP_HUMAN,Protein-2088,9606,1
IGHG1,IGHG1_HUMAN,Protein-129,9606,7
IGHG1,IGHG1_HUMAN,Protein-131,9606,7
IGHG1,IGHG1_HUMAN,Protein-168,9606,7
IGHG1,IGHG1_HUMAN,Protein-170,9606,7
IGHG1,IGHG1_HUMAN,Protein-202,9606,7
IGHG1,IGHG1_HUMAN,Protein-204,9606,7
IGHG1,IGHG1_HUMAN,Protein-241,9606,7
IGHG1,IGHG1_HUMAN,Protein-243,9606,7
IGHG1,IGHG1_HUMAN,Protein-275,9606,7
IGHG1,IGHG1_HUMAN,Protein-277,9606,7
IGHG1,IGHG1_HUMAN,Protein-314,9606,7
IGHG1,IGHG1_HUMAN,Protein-316,9606,7
IGHG1,IGHG1_HUMAN,Protein-359,9606,7
IGHG1,IGHG1_HUMAN,Protein-361,9606,7
IGHG1,IGHG1_HUMAN,Protein-398,9606,7
IGHG1,IGHG1_HUMAN,Protein-400,9606,7
IGHG1,IGHG1_HUMAN,Protein-432,9606,7
IGHG1,IGHG1_HUMAN,Protein-434,9606,7
IGHG1,IGHG1_HUMAN,Protein-471,9606,7
IGHG1,IGHG1_HUMAN,Protein-473,9606,7
IGHG1,IGHG1_HUMAN,Protein-505,9606,7
IGHG1,IGHG1_HUMAN,Protein-535,9606,7
IGHG1,IGHG1_HUMAN,Protein-537,9606,7
IGHG1,IGHG1_HUMAN,Protein-574,9606,7
IGHG1,IGHG1_HUMAN,Protein-576,9606,7
IGHG1,IGHG1_HUMAN,Protein-608,9606,7
IGHG1,IGHG1_HUMAN,Protein-610,9606,7
IGHG1,IGHG1_HUMAN,Protein-642,9606,7
IGHG1,IGHG1_HUMAN,Protein-644,9606,7
IGHG1,IGHG1_HUMAN,Protein-681,9606,7
IGHG1,IGHG1_HUMAN,Protein-683,9606,7
IGHG1,IGHG1_HUMAN,Protein-715,9606,7
IGHG1,IGHG1_HUMAN,Protein-717,9606,7
IGHG1,IGHG1_HUMAN,Protein-766,9606,7
IGHG1,IGHG1_HUMAN,Protein-768,9606,7
IGHG1,IGHG1_HUMAN,Protein-805,9606,7
IGHG1,IGHG1_HUMAN,Protein-807,9606,7
IGHG1,IGHG1_HUMAN,Protein-839,9606,7
IGHG1,IGHG1_HUMAN,Protein-841,9606,7
IGHG1,IGHG1_HUMAN,Protein-878,9606,7
IGHG1,IGHG1_HUMAN,Protein-880,9606,7
IGHG1,IGHG1_HUMAN,Protein-923,9606,7
IGHG1,IGHG1_HUMAN,Protein-925,9606,7
IGHG1,IGHG1_HUMAN,Protein-962,9606,7
IGHG1,IGHG1_HUMAN,Protein-964,9606,7
IGHG1,IGHG1_HUMAN,Protein-996,9606,7
IGHG1,IGHG1_HUMAN,Protein-998,9606,7
IGHG1,IGHG1_HUMAN,Protein-1035,9606,7
IGHG1,IGHG1_HUMAN,Protein-1037,9606,7
IGHG1,IGHG1_HUMAN,Protein-1069,9606,7
IGHG1,IGHG1_HUMAN,Protein-1071,9606,7
IGHG1,IGHG1_HUMAN,Protein-1136,9606,7
IGHG1,IGHG1_HUMAN,Protein-1138,9606,7
IGHG1,IGHG1_HUMAN,Protein-1175,9606,7
IGHG1,IGHG1_HUMAN,Protein-1177,9606,7
IGHG1,IGHG1_HUMAN,Protein-1214,9606,7
IGHG1,IGHG1_HUMAN,Protein-1216,9606,7
IGHG1,IGHG1_HUMAN,Protein-1248,9606,7
IGHG1,IGHG1_HUMAN,Protein-1250,9606,7
IGHG1,IGHG1_HUMAN,Protein-1287,9606,7
IGHG1,IGHG1_HUMAN,Protein-1289,9606,7
IGHG1,IGHG1_HUMAN,Protein-1321,9606,7
IGHG1,IGHG1_HUMAN,Protein-1323,9606,7
IGHG1,IGHG1_HUMAN,Protein-1360,9606,7
IGHG1,IGHG1_HUMAN,Protein-1362,9606,7
IGHG1,IGHG1_HUMAN,Protein-1405,9606,7
IGHG1,IGHG1_HUMAN,Protein-1407,9606,7
IGHG1,IGHG1_HUMAN,Protein-1444,9606,7
IGHG1,IGHG1_HUMAN,Protein-1446,9606,7
IGHG1,IGHG1_HUMAN,Protein-1478,9606,7
IGHG1,IGHG1_HUMAN,Protein-1480,9606,7
IGHG1,IGHG1_HUMAN,Protein-1517,9606,7
IGHG1,IGHG1_HUMAN,Protein-1519,9606,7
IGHG1,IGHG1_HUMAN,Protein-1581,9606,7
IGHG1,IGHG1_HUMAN,Protein-1583,9606,7
IGHG1,IGHG1_HUMAN,Protein-1620,9606,7
IGHG1,IGHG1_HUMAN,Protein-1622,9606,7
IGHG1,IGHG1_HUMAN,Protein-1654,9606,7
IGHG1,IGHG1_HUMAN,Protein-1656,9606,7
IGHG1,IGHG1_HUMAN,Protein-1688,9606,7
IGHG1,IGHG1_HUMAN,Protein-1690,9606,7
IGHG1,IGHG1_HUMAN,Protein-1727,9606,7
IGHG1,IGHG1_HUMAN,Protein-1729,9606,7
IGHG1,IGHG1_HUMAN,Protein-1761,9606,7
IGHG1,IGHG1_HUMAN,Protein-1763,9606,7
IGHG1,IGHG1_HUMAN,Protein-1812,9606,7
IGHG1,IGHG1_HUMAN,Protein-1814,9606,7
IGHG1,IGHG1_HUMAN,Protein-1851,9606,7
IGHG1,IGHG1_HUMAN,Protein-1853,9606,7
IGHG1,IGHG1_HUMAN,Protein-1885,9606,7
IGHG1,IGHG1_HUMAN,Protein-1887,9606,7
IGHG1,IGHG1_HUMAN,Protein-1924,9606,7
IGHG1,IGHG1_HUMAN,Protein-1926,9606,7
IGHG1,IGHG1_HUMAN,Protein-1969,9606,7
IGHG1,IGHG1_HUMAN,Protein-1971,9606,7
IGHG1,IGHG1_HUMAN,Protein-2008,9606,7
IGHG1,IGHG1_HUMAN,Protein-2010,9606,7
IGHG1,IGHG1_HUMAN,Protein-2042,9606,7
IGHG1,IGHG1_HUMAN,Protein-2044,9606,7
IGHG1,IGHG1_HUMAN,Protein-2081,9606,7
IGHG1,IGHG1_HUMAN,Protein-2083,9606,7
IGHG2,IGHG2_HUMAN,Protein-130,9606,7
IGHG2,IGHG2_HUMAN,Protein-169,9606,7
IGHG2,IGHG2_HUMAN,Protein-203,9606,7
IGHG2,IGHG2_HUMAN,Protein-242,9606,7
IGHG2,IGHG2_HUMAN,Protein-276,9606,7
IGHG2,IGHG2_HUMAN,Protein-315,9606,7
IGHG2,IGHG2_HUMAN,Protein-360,9606,7
IGHG2,IGHG2_HUMAN,Protein-399,9606,7
IGHG2,IGHG2_HUMAN,Protein-433,9606,7
IGHG2,IGHG2_HUMAN,Protein-472,9606,7
IGHG2,IGHG2_HUMAN,Protein-506,9606,7
IGHG2,IGHG2_HUMAN,Protein-536,9606,7
IGHG2,IGHG2_HUMAN,Protein-575,9606,7
IGHG2,IGHG2_HUMAN,Protein-609,9606,7
IGHG2,IGHG2_HUMAN,Protein-643,9606,7
IGHG2,IGHG2_HUMAN,Protein-682,9606,7
IGHG2,IGHG2_HUMAN,Protein-716,9606,7
IGHG2,IGHG2_HUMAN,Protein-767,9606,7
IGHG2,IGHG2_HUMAN,Protein-806,9606,7
IGHG2,IGHG2_HUMAN,Protein-840,9606,7
IGHG2,IGHG2_HUMAN,Protein-879,9606,7
IGHG2,IGHG2_HUMAN,Protein-924,9606,7
IGHG2,IGHG2_HUMAN,Protein-963,9606,7
IGHG2,IGHG2_HUMAN,Protein-997,9606,7
IGHG2,IGHG2_HUMAN,Protein-1036,9606,7
IGHG2,IGHG2_HUMAN,Protein-1070,9606,7
IGHG2,IGHG2_HUMAN,Protein-1137,9606,7
IGHG2,IGHG2_HUMAN,Protein-1176,9606,7
IGHG2,IGHG2_HUMAN,Protein-1215,9606,7
IGHG2,IGHG2_HUMAN,Protein-1249,9606,7
IGHG2,IGHG2_HUMAN,Protein-1288,9606,7
IGHG2,IGHG2_HUMAN,Protein-1322,9606,7
IGHG2,IGHG2_HUMAN,Protein-1361,9606,7
IGHG2,IGHG2_HUMAN,Protein-1406,9606,7
IGHG2,IGHG2_HUMAN,Protein-1445,9606,7
IGHG2,IGHG2_HUMAN,Protein-1479,9606,7
IGHG2,IGHG2_HUMAN,Protein-1518,9606,7
IGHG2,IGHG2_HUMAN,Protein-1582,9606,7
IGHG2,IGHG2_HUMAN,Protein-1621,9606,7
IGHG2,IGHG2_HUMAN,Protein-1655,9606,7
IGHG2,IGHG2_HUMAN,Protein-1689,9606,7
IGHG2,IGHG2_HUMAN,Protein-1728,9606,7
IGHG2,IGHG2_HUMAN,Protein-1762,9606,7
IGHG2,IGHG2_HUMAN,Protein-1813,9606,7
IGHG2,IGHG2_HUMAN,Protein-1852,9606,7
IGHG2,IGHG2_HUMAN,Protein-1886,9606,7
IGHG2,IGHG2_HUMAN,Protein-1925,9606,7
IGHG2,IGHG2_HUMAN,Protein-1970,9606,7
IGHG2,IGHG2_HUMAN,Protein-2009,9606,7
IGHG2,IGHG2_HUMAN,Protein-2043,9606,7
IGHG2,IGHG2_HUMAN,Protein-2082,9606,7
IGHG3,IGHG3_HUMAN,Protein-1551,9606,9
IGHG4,IGHG4_HUMAN,Protein-1552,9606,9
MADD,MADD_HUMAN,Protein-103,9606,2
MADD,MADD_HUMAN,Protein-104,9606,2
MADD,MADD_HUMAN,Protein-105,9606,2
MADD,MADD_HUMAN,Protein-106,9606,2
MADD,MADD_HUMAN,Protein-107,9606,2
MADD,MADD_HUMAN,Protein-108,9606,2
MADD,MADD_HUMAN,Protein-109,9606,2
MADD,MADD_HUMAN,Protein-110,9606,2
MADD,MADD_HUMAN,Protein-111,9606,2
MADD,MADD_HUMAN,Protein-112,9606,2
MADD,MADD_HUMAN,Protein-134,9606,2
MADD,MADD_HUMAN,Protein-135,9606,2
MADD,MADD_HUMAN,Protein-136,9606,2
MADD,MADD_HUMAN,Protein-137,9606,2
MADD,MADD_HUMAN,Protein-138,9606,2
MADD,MADD_HUMAN,Protein-139,9606,2
MADD,MADD_HUMAN,Protein-142,9606,2
MADD,MADD_HUMAN,Protein-143,9606,2
MADD,MADD_HUMAN,Protein-144,9606,2
MADD,MADD_HUMAN,Protein-145,9606,2
MADD,MADD_HUMAN,Protein-146,9606,2
MADD,MADD_HUMAN,Protein-147,9606,2
MADD,MADD_HUMAN,Protein-148,9606,2
MADD,MADD_HUMAN,Protein-149,9606,2
MADD,MADD_HUMAN,Protein-150,9606,2
MADD,MADD_HUMAN,Protein-151,9606,2
MADD,MADD_HUMAN,Protein-173,9606,2
MADD,MADD_HUMAN,Protein-176,9606,2
MADD,MADD_HUMAN,Protein-177,9606,2
MADD,MADD_HUMAN,Protein-178,9606,2
MADD,MADD_HUMAN,Protein-179,9606,2
MADD,MADD_HUMAN,Protein-180,9606,2
MADD,MADD_HUMAN,Protein-181,9606,2
MADD,MADD_HUMAN,Protein-182,9606,2
MADD,MADD_HUMAN,Protein-183,9606,2
MADD,MADD_HUMAN,Protein-184,9606,2
MADD,MADD_HUMAN,Protein-185,9606,2
MADD,MADD_HUMAN,Protein-207,9606,2
MADD,MADD_HUMAN,Protein-208,9606,2
MADD,MADD_HUMAN,Protein-209,9606,2
MADD,MADD_HUMAN,Protein-210,9606,2
MADD,MADD_HUMAN,Protein-211,9606,2
MADD,MADD_HUMAN,Protein-212,9606,2
MADD,MADD_HUMAN,Protein-215,9606,2
MADD,MADD_HUMAN,Protein-216,9606,2
MADD,MADD_HUMAN,Protein-217,9606,2
MADD,MADD_HUMAN,Protein-218,9606,2
MADD,MADD_HUMAN,Protein-219,9606,2
MADD,MADD_HUMAN,Protein-220,9606,2
MADD,MADD_HUMAN,Protein-221,9606,2
MADD,MADD_HUMAN,Protein-222,9606,2
MADD,MADD_HUMAN,Protein-223,9606,2
MADD,MADD_HUMAN,Protein-224,9606,2
MADD,MADD_HUMAN,Protein-246,9606,2
MADD,MADD_HUMAN,Protein-249,9606,2
MADD,MADD_HUMAN,Protein-250,9606,2
MADD,MADD_HUMAN,Protein-251,9606,2
MADD,MADD_HUMAN,Protein-252,9606,2
MADD,MADD_HUMAN,Protein-253,9606,2
MADD,MADD_HUMAN,Protein-254,9606,2
MADD,MADD_HUMAN,Protein-255,9606,2
MADD,MADD_HUMAN,Protein-256,9606,2
MADD,MADD_HUMAN,Protein-257,9606,2
MADD,MADD_HUMAN,Protein-258,9606,2
MADD,MADD_HUMAN,Protein-280,9606,2
MADD,MADD_HUMAN,Protein-281,9606,2
MADD,MADD_HUMAN,Protein-282,9606,2
MADD,MADD_HUMAN,Protein-283,9606,2
MADD,MADD_HUMAN,Protein-284,9606,2
MADD,MADD_HUMAN,Protein-285,9606,2
MADD,MADD_HUMAN,Protein-288,9606,2
MADD,MADD_HUMAN,Protein-289,9606,2
MADD,MADD_HUMAN,Protein-290,9606,2
MADD,MADD_HUMAN,Protein-291,9606,2
MADD,MADD_HUMAN,Protein-292,9606,2
MADD,MADD_HUMAN,Protein-293,9606,2
MADD,MADD_HUMAN,Protein-294,9606,2
MADD,MADD_HUMAN,Protein-295,9606,2
MADD,MADD_HUMAN,Protein-296,9606,2
MADD,MADD_HUMAN,Protein-297,9606,2
MADD,MADD_HUMAN,Protein-319,9606,2
MADD,MADD_HUMAN,Protein-322,9606,2
MADD,MADD_HUMAN,Protein-323,9606,2
MADD,MADD_HUMAN,Protein-324,9606,2
MADD,MADD_HUMAN,Protein-325,9606,2
MADD,MADD_HUMAN,Protein-326,9606,2
MADD,MADD_HUMAN,Protein-327,9606,2
MADD,MADD_HUMAN,Protein-328,9606,2
MADD,MADD_HUMAN,Protein-329,9606,2
MADD,MADD_HUMAN,Protein-330,9606,2
MADD,MADD_HUMAN,Protein-333,9606,2
MADD,MADD_HUMAN,Protein-334,9606,2
MADD,MADD_HUMAN,Protein-335,9606,2
MADD,MADD_HUMAN,Protein-336,9606,2
MADD,MADD_HUMAN,Protein-337,9606,2
MADD,MADD_HUMAN,Protein-338,9606,2
MADD,MADD_HUMAN,Protein-339,9606,2
MADD,MADD_HUMAN,Protein-340,9606,2
MADD,MADD_HUMAN,Protein-341,9606,2
MADD,MADD_HUMAN,Protein-342,9606,2
MADD,MADD_HUMAN,Protein-364,9606,2
MADD,MADD_HUMAN,Protein-365,9606,2
MADD,MADD_HUMAN,Protein-366,9606,2
MADD,MADD_HUMAN,Protein-367,9606,2
MADD,MADD_HUMAN,Protein-368,9606,2
MADD,MADD_HUMAN,Protein-369,9606,2
MADD,MADD_HUMAN,Protein-372,9606,2
MADD,MADD_HUMAN,Protein-373,9606,2
MADD,MADD_HUMAN,Protein-374,9606,2
MADD,MADD_HUMAN,Protein-375,9606,2
MADD,MADD_HUMAN,Protein-376,9606,2
MADD,MADD_HUMAN,Protein-377,9606,2
MADD,MADD_HUMAN,Protein-378,9606,2
MADD,MADD_HUMAN,Protein-379,9606,2
MADD,MADD_HUMAN,Protein-380,9606,2
MADD,MADD_HUMAN,Protein-381,9606,2
MADD,MADD_HUMAN,Protein-403,9606,2
MADD,MADD_HUMAN,Protein-406,9606,2
MADD,MADD_HUMAN,Protein-407,9606,2
MADD,MADD_HUMAN,Protein-408,9606,2
MADD,MADD_HUMAN,Protein-409,9606,2
MADD,MADD_HUMAN,Protein-410,9606,2
MADD,MADD_HUMAN,Protein-411,9606,2
MADD,MADD_HUMAN,Protein-412,9606,2
MADD,MADD_HUMAN,Protein-413,9606,2
MADD,MADD_HUMAN,Protein-414,9606,2
MADD,MADD_HUMAN,Protein-415,9606,2
MADD,MADD_HUMAN,Protein-437,9606,2
MADD,MADD_HUMAN,Protein-438,9606,2
MADD,MADD_HUMAN,Protein-439,9606,2
MADD,MADD_HUMAN,Protein-440,9606,2
MADD,MADD_HUMAN,Protein-441,9606,2
MADD,MADD_HUMAN,Protein-442,9606,2
MADD,MADD_HUMAN,Protein-445,9606,2
MADD,MADD_HUMAN,Protein-446,9606,2
MADD,MADD_HUMAN,Protein-447,9606,2
MADD,MADD_HUMAN,Protein-448,9606,2
MADD,MADD_HUMAN,Protein-449,9606,2
MADD,MADD_HUMAN,Protein-450,9606,2
MADD,MADD_HUMAN,Protein-451,9606,2
MADD,MADD_HUMAN,Protein-452,9606,2
MADD,MADD_HUMAN,Protein-453,9606,2
MADD,MADD_HUMAN,Protein-454,9606,2
MADD,MADD_HUMAN,Protein-476,9606,2
MADD,MADD_HUMAN,Protein-479,9606,2
MADD,MADD_HUMAN,Protein-480,9606,2
MADD,MADD_HUMAN,Protein-481,9606,2
MADD,MADD_HUMAN,Protein-482,9606,2
MADD,MADD_HUMAN,Protein-483,9606,2
MADD,MADD_HUMAN,Protein-484,9606,2
MADD,MADD_HUMAN,Protein-485,9606,2
MADD,MADD_HUMAN,Protein-486,9606,2
MADD,MADD_HUMAN,Protein-487,9606,2
MADD,MADD_HUMAN,Protein-488,9606,2
MADD,MADD_HUMAN,Protein-509,9606,2
MADD,MADD_HUMAN,Protein-510,9606,2
MADD,MADD_HUMAN,Protein-511,9606,2
MADD,MADD_HUMAN,Protein-512,9606,2
MADD,MADD_HUMAN,Protein-513,9606,2
MADD,MADD_HUMAN,Protein-514,9606,2
MADD,MADD_HUMAN,Protein-515,9606,2
MADD,MADD_HUMAN,Protein-516,9606,2
MADD,MADD_HUMAN,Protein-517,9606,2
MADD,MADD_HUMAN,Protein-518,9606,2
MADD,MADD_HUMAN,Protein-540,9606,2
MADD,MADD_HUMAN,Protein-541,9606,2
MADD,MADD_HUMAN,Protein-542,9606,2
MADD,MADD_HUMAN,Protein-543,9606,2
MADD,MADD_HUMAN,Protein-544,9606,2
MADD,MADD_HUMAN,Protein-545,9606,2
MADD,MADD_HUMAN,Protein-548,9606,2
MADD,MADD_HUMAN,Protein-549,9606,2
MADD,MADD_HUMAN,Protein-550,9606,2
MADD,MADD_HUMAN,Protein-551,9606,2
MADD,MADD_HUMAN,Protein-552,9606,2
MADD,MADD_HUMAN,Protein-553,9606,2
MADD,MADD_HUMAN,Protein-554,9606,2
MADD,MADD_HUMAN,Protein-555,9606,2
MADD,MADD_HUMAN,Protein-556,9606,2
MADD,MADD_HUMAN,Protein-557,9606,2
MADD,MADD_HUMAN,Protein-579,9606,2
MADD,MADD_HUMAN,Protein-582,9606,2
MADD,MADD_HUMAN,Protein-583,9606,2
MADD,MADD_HUMAN,Protein-584,9606,2
MADD,MADD_HUMAN,Protein-585,9606,2
MADD,MADD_HUMAN,Protein-586,9606,2
MADD,MADD_HUMAN,Protein-587,9606,2
MADD,MADD_HUMAN,Protein-588,9606,2
MADD,MADD_HUMAN,Protein-589,9606,2
MADD,MADD_HUMAN,Protein-590,9606,2
MADD,MADD_HUMAN,Protein-591,9606,2
MADD,MADD_HUMAN,Protein-613,9606,2
MADD,MADD_HUMAN,Protein-616,9606,2
MADD,MADD_HUMAN,Protein-617,9606,2
MADD,MADD_HUMAN,Protein-618,9606,2
MADD,MADD_HUMAN,Protein-619,9606,2
MADD,MADD_HUMAN,Protein-620,9606,2
MADD,MADD_HUMAN,Protein-621,9606,2
MADD,MADD_HUMAN,Protein-622,9606,2
MADD,MADD_HUMAN,Protein-623,9606,2
MADD,MADD_HUMAN,Protein-624,9606,2
MADD,MADD_HUMAN,Protein-625,9606,2
MADD,MADD_HUMAN,Protein-647,9606,2
MADD,MADD_HUMAN,Protein-648,9606,2
MADD,MADD_HUMAN,Protein-649,9606,2
MADD,MADD_HUMAN,Protein-650,9606,2
MADD,MADD_HUMAN,Protein-651,9606,2
MADD,MADD_HUMAN,Protein-652,9606,2
MADD,MADD_HUMAN,Protein-655,9606,2
MADD,MADD_HUMAN,Protein-656,9606,2
MADD,MADD_HUMAN,Protein-657,9606,2
MADD,MADD_HUMAN,Protein-658,9606,2
MADD,MADD_HUMAN,Protein-659,9606,2
MADD,MADD_HUMAN,Protein-660,9606,2
MADD,MADD_HUMAN,Protein-661,9606,2
MADD,MADD_HUMAN,Protein-662,9606,2
MADD,MADD_HUMAN,Protein-663,9606,2
MADD,MADD_HUMAN,Protein-664,9606,2
MADD,MADD_HUMAN,Protein-686,9606,2
MADD,MADD_HUMAN,Protein-689,9606,2
MADD,MADD_HUMAN,Protein-690,9606,2
MADD,MADD_HUMAN,Protein-691,9606,2
MADD,MADD_HUMAN,Protein-692,9606,2
MADD,MADD_HUMAN,Protein-693,9606,2
MADD,MADD_HUMAN,Protein-694,9606,2
MADD,MADD_HUMAN,Protein-695,9606,2
MADD,MADD_HUMAN,Protein-696,9606,2
MADD,MADD_HUMAN,Protein-697,9606,2
MADD,MADD_HUMAN,Protein-698,9606,2
MADD,MADD_HUMAN,Protein-720,9606,2
MADD,MADD_HUMAN,Protein-721,9606,2
MADD,MADD_HUMAN,Protein-722,9606,2
MADD,MADD_HUMAN,Protein-723,9606,2
MADD,MADD_HUMAN,Protein-724,9606,2
MADD,MADD_HUMAN,Protein-725,9606,2
MADD,MADD_HUMAN,Protein-728,9606,2
MADD,MADD_HUMAN,Protein-729,9606,2
MADD,MADD_HUMAN,Protein-730,9606,2
MADD,MADD_HUMAN,Protein-731,9606,2
MADD,MADD_HUMAN,Protein-732,9606,2
MADD,MADD_HUMAN,Protein-733,9606,2
MADD,MADD_HUMAN,Protein-734,9606,2
MADD,MADD_HUMAN,Protein-735,9606,2
MADD,MADD_HUMAN,Protein-736,9606,2
MADD,MADD_HUMAN,Protein-737,9606,2
MADD,MADD_HUMAN,Protein-740,9606,2
MADD,MADD_HUMAN,Protein-741,9606,2
MADD,MADD_HUMAN,Protein-742,9606,2
MADD,MADD_HUMAN,Protein-743,9606,2
MADD,MADD_HUMAN,Protein-744,9606,2
MADD,MADD_HUMAN,Protein-745,9606,2
MADD,MADD_HUMAN,Protein-746,9606,2
MADD,MADD_HUMAN,Protein-747,9606,2
MADD,MADD_HUMAN,Protein-748,9606,2
MADD,MADD_HUMAN,Protein-749,9606,2
MADD,MADD_HUMAN,Protein-771,9606,2
MADD,MADD_HUMAN,Protein-772,9606,2
MADD,MADD_HUMAN,Protein-773,9606,2
MADD,MADD_HUMAN,Protein-774,9606,2
MADD,MADD_HUMAN,Protein-775,9606,2
MADD,MADD_HUMAN,Protein-776,9606,2
MADD,MADD_HUMAN,Protein-779,9606,2
MADD,MADD_HUMAN,Protein-780,9606,2
MADD,MADD_HUMAN,Protein-781,9606,2
MADD,MADD_HUMAN,Protein-782,9606,2
MADD,MADD_HUMAN,Protein-783,9606,2
MADD,MADD_HUMAN,Protein-784,9606,2
MADD,MADD_HUMAN,Protein-785,9606,2
MADD,MADD_HUMAN,Protein-786,9606,2
MADD,MADD_HUMAN,Protein-787,9606,2
MADD,MADD_HUMAN,Protein-788,9606,2
MADD,MADD_HUMAN,Protein-810,9606,2
MADD,MADD_HUMAN,Protein-813,9606,2
MADD,MADD_HUMAN,Protein-814,9606,2
MADD,MADD_HUMAN,Protein-815,9606,2
MADD,MADD_HUMAN,Protein-816,9606,2
MADD,MADD_HUMAN,Protein-817,9606,2
MADD,MADD_HUMAN,Protein-818,9606,2
MADD,MADD_HUMAN,Protein-819,9606,2
MADD,MADD_HUMAN,Protein-820,9606,2
MADD,MADD_HUMAN,Protein-821,9606,2
MADD,MADD_HUMAN,Protein-822,9606,2
MADD,MADD_HUMAN,Protein-844,9606,2
MADD,MADD_HUMAN,Protein-845,9606,2
MADD,MADD_HUMAN,Protein-846,9606,2
MADD,MADD_HUMAN,Protein-847,9606,2
MADD,MADD_HUMAN,Protein-848,9606,2
MADD,MADD_HUMAN,Protein-849,9606,2
MADD,MADD_HUMAN,Protein-852,9606,2
MADD,MADD_HUMAN,Protein-853,9606,2
MADD,MADD_HUMAN,Protein-854,9606,2
MADD,MADD_HUMAN,Protein-855,9606,2
MADD,MADD_HUMAN,Protein-856,9606,2
MADD,MADD_HUMAN,Protein-857,9606,2
MADD,MADD_HUMAN,Protein-858,9606,2
MADD,MADD_HUMAN,Protein-859,9606,2
MADD,MADD_HUMAN,Protein-860,9606,2
MADD,MADD_HUMAN,Protein-861,9606,2
MADD,MADD_HUMAN,Protein-883,9606,2
MADD,MADD_HUMAN,Protein-886,9606,2
MADD,MADD_HUMAN,Protein-887,9606,2
MADD,MADD_HUMAN,Protein-888,9606,2
MADD,MADD_HUMAN,Protein-889,9606,2
MADD,MADD_HUMAN,Protein-890,9606,2
MADD,MADD_HUMAN,Protein-891,9606,2
MADD,MADD_HUMAN,Protein-892,9606,2
MADD,MADD_HUMAN,Protein-893,9606,2
MADD,MADD_HUMAN,Protein-894,9606,2
MADD,MADD_HUMAN,Protein-897,9606,2
MADD,MADD_HUMAN,Protein-898,9606,2
MADD,MADD_HUMAN,Protein-899,9606,2
MADD,MADD_HUMAN,Protein-900,9606,2
MADD,MADD_HUMAN,Protein-901,9606,2
MADD,MADD_HUMAN,Protein-902,9606,2
MADD,MADD_HUMAN,Protein-903,9606,2
MADD,MADD_HUMAN,Protein-904,9606,2
MADD,MADD_HUMAN,Protein-905,9606,2
MADD,MADD_HUMAN,Protein-906,9606,2
MADD,MADD_HUMAN,Protein-928,9606,2
MADD,MADD_HUMAN,Protein-929,9606,2
MADD,MADD_HUMAN,Protein-930,9606,2
MADD,MADD_HUMAN,Protein-931,9606,2
MADD,MADD_HUMAN,Protein-932,9606,2
MADD,MADD_HUMAN,Protein-933,9606,2
MADD,MADD_HUMAN,Protein-936,9606,2
MADD,MADD_HUMAN,Protein-937,9606,2
MADD,MADD_HUMAN,Protein-938,9606,2
MADD,MADD_HUMAN,Protein-939,9606,2
MADD,MADD_HUMAN,Protein-940,9606,2
MADD,MADD_HUMAN,Protein-941,9606,2
MADD,MADD_HUMAN,Protein-942,9606,2
MADD,MADD_HUMAN,Protein-943,9606,2
MADD,MADD_HUMAN,Protein-944,9606,2
MADD,MADD_HUMAN,Protein-945,9606,2
MADD,MADD_HUMAN,Protein-967,9606,2
MADD,MADD_HUMAN,Protein-970,9606,2
MADD,MADD_HUMAN,Protein-971,9606,2
MADD,MADD_HUMAN,Protein-972,9606,2
MADD,MADD_HUMAN,Protein-973,9606,2
MADD,MADD_HUMAN,Protein-974,9606,2
MADD,MADD_HUMAN,Protein-975,9606,2
MADD,MADD_HUMAN,Protein-976,9606,2
MADD,MADD_HUMAN,Protein-977,9606,2
MADD,MADD_HUMAN,Protein-978,9606,2
MADD,MADD_HUMAN,Protein-979,9606,2
MADD,MADD_HUMAN,Protein-1001,9606,2
MADD,MADD_HUMAN,Protein-1002,9606,2
MADD,MADD_HUMAN,Protein-1003,9606,2
MADD,MADD_HUMAN,Protein-1004,9606,2
MADD,MADD_HUMAN,Protein-1005,9606,2
MADD,MADD_HUMAN,Protein-1006,9606,2
MADD,MADD_HUMAN,Protein-1009,9606,2
MADD,MADD_HUMAN,Protein-1010,9606,2
MADD,MADD_HUMAN,Protein-1011,9606,2
MADD,MADD_HUMAN,Protein-1012,9606,2
MADD,MADD_HUMAN,Protein-1013,9606,2
MADD,MADD_HUMAN,Protein-1014,9606,2
MADD,MADD_HUMAN,Protein-1015,9606,2
MADD,MADD_HUMAN,Protein-1016,9606,2
MADD,MADD_HUMAN,Protein-1017,9606,2
MADD,MADD_HUMAN,Protein-1018,9606,2
MADD,MADD_HUMAN,Protein-1040,9606,2
MADD,MADD_HUMAN,Protein-1043,9606,2
MADD,MADD_HUMAN,Protein-1044,9606,2
MADD,MADD_HUMAN,Protein-1045,9606,2
MADD,MADD_HUMAN,Protein-1046,9606,2
MADD,MADD_HUMAN,Protein-1047,9606,2
MADD,MADD_HUMAN,Protein-1048,9606,2
MADD,MADD_HUMAN,Protein-1049,9606,2
MADD,MADD_HUMAN,Protein-1050,9606,2
MADD,MADD_HUMAN,Protein-1051,9606,2
MADD,MADD_HUMAN,Protein-1052,9606,2
MADD,MADD_HUMAN,Protein-1074,9606,2
MADD,MADD_HUMAN,Protein-1075,9606,2
MADD,MADD_HUMAN,Protein-1076,9606,2
MADD,MADD_HUMAN,Protein-1077,9606,2
MADD,MADD_HUMAN,Protein-1078,9606,2
MADD,MADD_HUMAN,Protein-1079,9606,2
MADD,MADD_HUMAN,Protein-1082,9606,2
MADD,MADD_HUMAN,Protein-1083,9606,2
MADD,MADD_HUMAN,Protein-1084,9606,2
MADD,MADD_HUMAN,Protein-1085,9606,2
MADD,MADD_HUMAN,Protein-1086,9606,2
MADD,MADD_HUMAN,Protein-1087,9606,2
MADD,MADD_HUMAN,Protein-1088,9606,2
MADD,MADD_HUMAN,Protein-1089,9606,2
MADD,MADD_HUMAN,Protein-1090,9606,2
MADD,MADD_HUMAN,Protein-1091,9606,2
MADD,MADD_HUMAN,Protein-1110,9606,2
MADD,MADD_HUMAN,Protein-1111,9606,2
MADD,MADD_HUMAN,Protein-1112,9606,2
MADD,MADD_HUMAN,Protein-1113,9606,2
MADD,MADD_HUMAN,Protein-1114,9606,2
MADD,MADD_HUMAN,Protein-1115,9606,2
MADD,MADD_HUMAN,Protein-1116,9606,2
MADD,MADD_HUMAN,Protein-1117,9606,2
MADD,MADD_HUMAN,Protein-1118,9606,2
MADD,MADD_HUMAN,Protein-1119,9606,2
MADD,MADD_HUMAN,Protein-1141,9606,2
MADD,MADD_HUMAN,Protein-1142,9606,2
MADD,MADD_HUMAN,Protein-1143,9606,2
MADD,MADD_HUMAN,Protein-1144,9606,2
MADD,MADD_HUMAN,Protein-1145,9606,2
MADD,MADD_HUMAN,Protein-1146,9606,2
MADD,MADD_HUMAN,Protein-1149,9606,2
MADD,MADD_HUMAN,Protein-1150,9606,2
MADD,MADD_HUMAN,Protein-1151,9606,2
MADD,MADD_HUMAN,Protein-1152,9606,2
MADD,MADD_HUMAN,Protein-1153,9606,2
MADD,MADD_HUMAN,Protein-1154,9606,2
MADD,MADD_HUMAN,Protein-1155,9606,2
MADD,MADD_HUMAN,Protein-1156,9606,2
MADD,MADD_HUMAN,Protein-1157,9606,2
MADD,MADD_HUMAN,Protein-1158,9606,2
MADD,MADD_HUMAN,Protein-1180,9606,2
MADD,MADD_HUMAN,Protein-1181,9606,2
MADD,MADD_HUMAN,Protein-1182,9606,2
MADD,MADD_HUMAN,Protein-1183,9606,2
MADD,MADD_HUMAN,Protein-1184,9606,2
MADD,MADD_HUMAN,Protein-1185,9606,2
MADD,MADD_HUMAN,Protein-1188,9606,2
MADD,MADD_HUMAN,Protein-1189,9606,2
MADD,MADD_HUMAN,Protein-1190,9606,2
MADD,MADD_HUMAN,Protein-1191,9606,2
MADD,MADD_HUMAN,Protein-1192,9606,2
MADD,MADD_HUMAN,Protein-1193,9606,2
MADD,MADD_HUMAN,Protein-1194,9606,2
MADD,MADD_HUMAN,Protein-1195,9606,2
MADD,MADD_HUMAN,Protein-1196,9606,2
MADD,MADD_HUMAN,Protein-1197,9606,2
MADD,MADD_HUMAN,Protein-1219,9606,2
MADD,MADD_HUMAN,Protein-1222,9606,2
MADD,MADD_HUMAN,Protein-1223,9606,2
MADD,MADD_HUMAN,Protein-1224,9606,2
MADD,MADD_HUMAN,Protein-1225,9606,2
MADD,MADD_HUMAN,Protein-1226,9606,2
MADD,MADD_HUMAN,Protein-1227,9606,2
MADD,MADD_HUMAN,Protein-1228,9606,2
MADD,MADD_HUMAN,Protein-1229,9606,2
MADD,MADD_HUMAN,Protein-1230,9606,2
MADD,MADD_HUMAN,Protein-1231,9606,2
MADD,MADD_HUMAN,Protein-1253,9606,2
MADD,MADD_HUMAN,Protein-1254,9606,2
MADD,MADD_HUMAN,Protein-1255,9606,2
MADD,MADD_HUMAN,Protein-1256,9606,2
MADD,MADD_HUMAN,Protein-1257,9606,2
MADD,MADD_HUMAN,Protein-1258,9606,2
MADD,MADD_HUMAN,Protein-1261,9606,2
MADD,MADD_HUMAN,Protein-1262,9606,2
MADD,MADD_HUMAN,Protein-1263,9606,2
MADD,MADD_HUMAN,Protein-1264,9606,2
MADD,MADD_HUMAN,Protein-1265,9606,2
MADD,MADD_HUMAN,Protein-1266,9606,2
MADD,MADD_HUMAN,Protein-1267,9606,2
MADD,MADD_HUMAN,Protein-1268,9606,2
MADD,MADD_HUMAN,Protein-1269,9606,2
MADD,MADD_HUMAN,Protein-1270,9606,2
MADD,MADD_HUMAN,Protein-1292,9606,2
MADD,MADD_HUMAN,Protein-1295,9606,2
MADD,MADD_HUMAN,Protein-1296,9606,2
MADD,MADD_HUMAN,Protein-1297,9606,2
MADD,MADD_HUMAN,Protein-1298,9606,2
MADD,MADD_HUMAN,Protein-1299,9606,2
MADD,MADD_HUMAN,Protein-1300,9606,2
MADD,MADD_HUMAN,Protein-1301,9606,2
MADD,MADD_HUMAN,Protein-1302,9606,2
MADD,MADD_HUMAN,Protein-1303,9606,2
MADD,MADD_HUMAN,Protein-1304,9606,2
MADD,MADD_HUMAN,Protein-1326,9606,2
MADD,MADD_HUMAN,Protein-1327,9606,2
MADD,MADD_HUMAN,Protein-1328,9606,2
MADD,MADD_HUMAN,Protein-1329,9606,2
MADD,MADD_HUMAN,Protein-1330,9606,2
MADD,MADD_HUMAN,Protein-1331,9606,2
MADD,MADD_HUMAN,Protein-1334,9606,2
MADD,MADD_HUMAN,Protein-1335,9606,2
MADD,MADD_HUMAN,Protein-1336,9606,2
MADD,MADD_HUMAN,Protein-1337,9606,2
MADD,MADD_HUMAN,Protein-1338,9606,2
MADD,MADD_HUMAN,Protein-1339,9606,2
MADD,MADD_HUMAN,Protein-1340,9606,2
MADD,MADD_HUMAN,Protein-1341,9606,2
MADD,MADD_HUMAN,Protein-1342,9606,2
MADD,MADD_HUMAN,Protein-1343,9606,2
MADD,MADD_HUMAN,Protein-1365,9606,2
MADD,MADD_HUMAN,Protein-1368,9606,2
MADD,MADD_HUMAN,Protein-1369,9606,2
MADD,MADD_HUMAN,Protein-1370,9606,2
MADD,MADD_HUMAN,Protein-1371,9606,2
MADD,MADD_HUMAN,Protein-1372,9606,2
MADD,MADD_HUMAN,Protein-1373,9606,2
MADD,MADD_HUMAN,Protein-1374,9606,2
MADD,MADD_HUMAN,Protein-1375,9606,2
MADD,MADD_HUMAN,Protein-1376,9606,2
MADD,MADD_HUMAN,Protein-1379,9606,2
MADD,MADD_HUMAN,Protein-1380,9606,2
MADD,MADD_HUMAN,Protein-1381,9606,2
MADD,MADD_HUMAN,Protein-1382,9606,2
MADD,MADD_HUMAN,Protein-1383,9606,2
MADD,MADD_HUMAN,Protein-1384,9606,2
MADD,MADD_HUMAN,Protein-1385,9606,2
MADD,MADD_HUMAN,Protein-1386,9606,2
MADD,MADD_HUMAN,Protein-1387,9606,2
MADD,MADD_HUMAN,Protein-1388,9606,2
MADD,MADD_HUMAN,Protein-1410,9606,2
MADD,MADD_HUMAN,Protein-1411,9606,2
MADD,MADD_HUMAN,Protein-1412,9606,2
MADD,MADD_HUMAN,Protein-1413,9606,2
MADD,MADD_HUMAN,Protein-1414,9606,2
MADD,MADD_HUMAN,Protein-1415,9606,2
MADD,MADD_HUMAN,Protein-1418,9606,2
MADD,MADD_HUMAN,Protein-1419,9606,2
MADD,MADD_HUMAN,Protein-1420,9606,2
MADD,MADD_HUMAN,Protein-1421,9606,2
MADD,MADD_HUMAN,Protein-1422,9606,2
MADD,MADD_HUMAN,Protein-1423,9606,2
MADD,MADD_HUMAN,Protein-1424,9606,2
MADD,MADD_HUMAN,Protein-1425,9606,2
MADD,MADD_HUMAN,Protein-1426,9606,2
MADD,MADD_HUMAN,Protein-1427,9606,2
MADD,MADD_HUMAN,Protein-1449,9606,2
MADD,MADD_HUMAN,Protein-1452,9606,2
MADD,MADD_HUMAN,Protein-1453,9606,2
MADD,MADD_HUMAN,Protein-1454,9606,2
MADD,MADD_HUMAN,Protein-1455,9606,2
MADD,MADD_HUMAN,Protein-1456,9606,2
MADD,MADD_HUMAN,Protein-1457,9606,2
MADD,MADD_HUMAN,Protein-1458,9606,2
MADD,MADD_HUMAN,Protein-1459,9606,2
MADD,MADD_HUMAN,Protein-1460,9606,2
MADD,MADD_HUMAN,Protein-1461,9606,2
MADD,MADD_HUMAN,Protein-1483,9606,2
MADD,MADD_HUMAN,Protein-1484,9606,2
MADD,MADD_HUMAN,Protein-1485,9606,2
MADD,MADD_HUMAN,Protein-1486,9606,2
MADD,MADD_HUMAN,Protein-1487,9606,2
MADD,MADD_HUMAN,Protein-1488,9606,2
MADD,MADD_HUMAN,Protein-1491,9606,2
MADD,MADD_HUMAN,Protein-1492,9606,2
MADD,MADD_HUMAN,Protein-1493,9606,2
MADD,MADD_HUMAN,Protein-1494,9606,2
MADD,MADD_HUMAN,Protein-1495,9606,2
MADD,MADD_HUMAN,Protein-1496,9606,2
MADD,MADD_HUMAN,Protein-1497,9606,2
MADD,MADD_HUMAN,Protein-1498,9606,2
MADD,MADD_HUMAN,Protein-1499,9606,2
MADD,MADD_HUMAN,Protein-1500,9606,2
MADD,MADD_HUMAN,Protein-1522,9606,2
MADD,MADD_HUMAN,Protein-1525,9606,2
MADD,MADD_HUMAN,Protein-1526,9606,2
MADD,MADD_HUMAN,Protein-1527,9606,2
MADD,MADD_HUMAN,Protein-1528,9606,2
MADD,MADD_HUMAN,Protein-1529,9606,2
MADD,MADD_HUMAN,Protein-1530,9606,2
MADD,MADD_HUMAN,Protein-1531,9606,2
MADD,MADD_HUMAN,Protein-1532,9606,2
MADD,MADD_HUMAN,Protein-1533,9606,2
MADD,MADD_HUMAN,Protein-1534,9606,2
MADD,MADD_HUMAN,Protein-1555,9606,2
MADD,MADD_HUMAN,Protein-1556,9606,2
MADD,MADD_HUMAN,Protein-1557,9606,2
MADD,MADD_HUMAN,Protein-1558,9606,2
MADD,MADD_HUMAN,Protein-1559,9606,2
MADD,MADD_HUMAN,Protein-1560,9606,2
MADD,MADD_HUMAN,Protein-1561,9606,2
MADD,MADD_HUMAN,Protein-1562,9606,2
MADD,MADD_HUMAN,Protein-1563,9606,2
MADD,MADD_HUMAN,Protein-1564,9606,2
MADD,MADD_HUMAN,Protein-1586,9606,2
MADD,MADD_HUMAN,Protein-1587,9606,2
MADD,MADD_HUMAN,Protein-1588,9606,2
MADD,MADD_HUMAN,Protein-1589,9606,2
MADD,MADD_HUMAN,Protein-1590,9606,2
MADD,MADD_HUMAN,Protein-1591,9606,2
MADD,MADD_HUMAN,Protein-1594,9606,2
MADD,MADD_HUMAN,Protein-1595,9606,2
MADD,MADD_HUMAN,Protein-1596,9606,2
MADD,MADD_HUMAN,Protein-1597,9606,2
MADD,MADD_HUMAN,Protein-1598,9606,2
MADD,MADD_HUMAN,Protein-1599,9606,2
MADD,MADD_HUMAN,Protein-1600,9606,2
MADD,MADD_HUMAN,Protein-1601,9606,2
MADD,MADD_HUMAN,Protein-1602,9606,2
MADD,MADD_HUMAN,Protein-1603,9606,2
MADD,MADD_HUMAN,Protein-1625,9606,2
MADD,MADD_HUMAN,Protein-1628,9606,2
MADD,MADD_HUMAN,Protein-1629,9606,2
MADD,MADD_HUMAN,Protein-1630,9606,2
MADD,MADD_HUMAN,Protein-1631,9606,2
MADD,MADD_HUMAN,Protein-1632,9606,2
MADD,MADD_HUMAN,Protein-1633,9606,2
MADD,MADD_HUMAN,Protein-1634,9606,2
MADD,MADD_HUMAN,Protein-1635,9606,2
MADD,MADD_HUMAN,Protein-1636,9606,2
MADD,MADD_HUMAN,Protein-1637,9606,2
MADD,MADD_HUMAN,Protein-1659,9606,2
MADD,MADD_HUMAN,Protein-1662,9606,2
MADD,MADD_HUMAN,Protein-1663,9606,2
MADD,MADD_HUMAN,Protein-1664,9606,2
MADD,MADD_HUMAN,Protein-1665,9606,2
MADD,MADD_HUMAN,Protein-1666,9606,2
MADD,MADD_HUMAN,Protein-1667,9606,2
MADD,MADD_HUMAN,Protein-1668,9606,2
MADD,MADD_HUMAN,Protein-1669,9606,2
MADD,MADD_HUMAN,Protein-1670,9606,2
MADD,MADD_HUMAN,Protein-1671,9606,2
MADD,MADD_HUMAN,Protein-1693,9606,2
MADD,MADD_HUMAN,Protein-1694,9606,2
MADD,MADD_HUMAN,Protein-1695,9606,2
MADD,MADD_HUMAN,Protein-1696,9606,2
MADD,MADD_HUMAN,Protein-1697,9606,2
MADD,MADD_HUMAN,Protein-1698,9606,2
MADD,MADD_HUMAN,Protein-1701,9606,2
MADD,MADD_HUMAN,Protein-1702,9606,2
MADD,MADD_HUMAN,Protein-1703,9606,2
MADD,MADD_HUMAN,Protein-1704,9606,2
MADD,MADD_HUMAN,Protein-1705,9606,2
MADD,MADD_HUMAN,Protein-1706,9606,2
MADD,MADD_HUMAN,Protein-1707,9606,2
MADD,MADD_HUMAN,Protein-1708,9606,2
MADD,MADD_HUMAN,Protein-1709,9606,2
MADD,MADD_HUMAN,Protein-1710,9606,2
MADD,MADD_HUMAN,Protein-1732,9606,2
MADD,MADD_HUMAN,Protein-1735,9606,2
MADD,MADD_HUMAN,Protein-1736,9606,2
MADD,MADD_HUMAN,Protein-1737,9606,2
MADD,MADD_HUMAN,Protein-1738,9606,2
MADD,MADD_HUMAN,Protein-1739,9606,2
MADD,MADD_HUMAN,Protein-1740,9606,2
MADD,MADD_HUMAN,Protein-1741,9606,2
MADD,MADD_HUMAN,Protein-1742,9606,2
MADD,MADD_HUMAN,Protein-1743,9606,2
MADD,MADD_HUMAN,Protein-1744,9606,2
MADD,MADD_HUMAN,Protein-1766,9606,2
MADD,MADD_HUMAN,Protein-1767,9606,2
MADD,MADD_HUMAN,Protein-1768,9606,2
MADD,MADD_HUMAN,Protein-1769,9606,2
MADD,MADD_HUMAN,Protein-1770,9606,2
MADD,MADD_HUMAN,Protein-1771,9606,2
MADD,MADD_HUMAN,Protein-1774,9606,2
MADD,MADD_HUMAN,Protein-1775,9606,2
MADD,MADD_HUMAN,Protein-1776,9606,2
MADD,MADD_HUMAN,Protein-1777,9606,2
MADD,MADD_HUMAN,Protein-1778,9606,2
MADD,MADD_HUMAN,Protein-1779,9606,2
MADD,MADD_HUMAN,Protein-1780,9606,2
MADD,MADD_HUMAN,Protein-1781,9606,2
MADD,MADD_HUMAN,Protein-1782,9606,2
MADD,MADD_HUMAN,Protein-1783,9606,2
MADD,MADD_HUMAN,Protein-1786,9606,2
MADD,MADD_HUMAN,Protein-1787,9606,2
MADD,MADD_HUMAN,Protein-1788,9606,2
MADD,MADD_HUMAN,Protein-1789,9606,2
MADD,MADD_HUMAN,Protein-1790,9606,2
MADD,MADD_HUMAN,Protein-1791,9606,2
MADD,MADD_HUMAN,Protein-1792,9606,2
MADD,MADD_HUMAN,Protein-1793,9606,2
MADD,MADD_HUMAN,Protein-1794,9606,2
MADD,MADD_HUMAN,Protein-1795,9606,2
MADD,MADD_HUMAN,Protein-1817,9606,2
MADD,MADD_HUMAN,Protein-1818,9606,2
MADD,MADD_HUMAN,Protein-1819,9606,2
MADD,MADD_HUMAN,Protein-1820,9606,2
MADD,MADD_HUMAN,Protein-1821,9606,2
MADD,MADD_HUMAN,Protein-1822,9606,2
MADD,MADD_HUMAN,Protein-1825,9606,2
MADD,MADD_HUMAN,Protein-1826,9606,2
MADD,MADD_HUMAN,Protein-1827,9606,2
MADD,MADD_HUMAN,Protein-1828,9606,2
MADD,MADD_HUMAN,Protein-1829,9606,2
MADD,MADD_HUMAN,Protein-1830,9606,2
MADD,MADD_HUMAN,Protein-1831,9606,2
MADD,MADD_HUMAN,Protein-1832,9606,2
MADD,MADD_HUMAN,Protein-1833,9606,2
MADD,MADD_HUMAN,Protein-1834,9606,2
MADD,MADD_HUMAN,Protein-1856,9606,2
MADD,MADD_HUMAN,Protein-1859,9606,2
MADD,MADD_HUMAN,Protein-1860,9606,2
MADD,MADD_HUMAN,Protein-1861,9606,2
MADD,MADD_HUMAN,Protein-1862,9606,2
MADD,MADD_HUMAN,Protein-1863,9606,2
MADD,MADD_HUMAN,Protein-1864,9606,2
MADD,MADD_HUMAN,Protein-1865,9606,2
MADD,MADD_HUMAN,Protein-1866,9606,2
MADD,MADD_HUMAN,Protein-1867,9606,2
MADD,MADD_HUMAN,Protein-1868,9606,2
MADD,MADD_HUMAN,Protein-1890,9606,2
MADD,MADD_HUMAN,Protein-1891,9606,2
MADD,MADD_HUMAN,Protein-1892,9606,2
MADD,MADD_HUMAN,Protein-1893,9606,2
MADD,MADD_HUMAN,Protein-1894,9606,2
MADD,MADD_HUMAN,Protein-1895,9606,2
MADD,MADD_HUMAN,Protein-1898,9606,2
MADD,MADD_HUMAN,Protein-1899,9606,2
MADD,MADD_HUMAN,Protein-1900,9606,2
MADD,MADD_HUMAN,Protein-1901,9606,2
MADD,MADD_HUMAN,Protein-1902,9606,2
MADD,MADD_HUMAN,Protein-1903,9606,2
MADD,MADD_HUMAN,Protein-1904,9606,2
MADD,MADD_HUMAN,Protein-1905,9606,2
MADD,MADD_HUMAN,Protein-1906,9606,2
MADD,MADD_HUMAN,Protein-1907,9606,2
MADD,MADD_HUMAN,Protein-1929,9606,2
MADD,MADD_HUMAN,Protein-1932,9606,2
MADD,MADD_HUMAN,Protein-1933,9606,2
MADD,MADD_HUMAN,Protein-1934,9606,2
MADD,MADD_HUMAN,Protein-1935,9606,2
MADD,MADD_HUMAN,Protein-1936,9606,2
MADD,MADD_HUMAN,Protein-1937,9606,2
MADD,MADD_HUMAN,Protein-1938,9606,2
MADD,MADD_HUMAN,Protein-1939,9606,2
MADD,MADD_HUMAN,Protein-1940,9606,2
MADD,MADD_HUMAN,Protein-1943,9606,2
MADD,MADD_HUMAN,Protein-1944,9606,2
MADD,MADD_HUMAN,Protein-1945,9606,2
MADD,MADD_HUMAN,Protein-1946,9606,2
MADD,MADD_HUMAN,Protein-1947,9606,2
MADD,MADD_HUMAN,Protein-1948,9606,2
MADD,MADD_HUMAN,Protein-1949,9606,2
MADD,MADD_HUMAN,Protein-1950,9606,2
MADD,MADD_HUMAN,Protein-1951,9606,2
MADD,MADD_HUMAN,Protein-1952,9606,2
MADD,MADD_HUMAN,Protein-1974,9606,2
MADD,MADD_HUMAN,Protein-1975,9606,2
MADD,MADD_HUMAN,Protein-1976,9606,2
MADD,MADD_HUMAN,Protein-1977,9606,2
MADD,MADD_HUMAN,Protein-1978,9606,2
MADD,MADD_HUMAN,Protein-1979,9606,2
MADD,MADD_HUMAN,Protein-1982,9606,2
MADD,MADD_HUMAN,Protein-1983,9606,2
MADD,MADD_HUMAN,Protein-1984,9606,2
MADD,MADD_HUMAN,Protein-1985,9606,2
MADD,MADD_HUMAN,Protein-1986,9606,2
MADD,MADD_HUMAN,Protein-1987,9606,2
MADD,MADD_HUMAN,Protein-1988,9606,2
MADD,MADD_HUMAN,Protein-1989,9606,2
MADD,MADD_HUMAN,Protein-1990,9606,2
MADD,MADD_HUMAN,Protein-1991,9606,2
MADD,MADD_HUMAN,Protein-2013,9606,2
MADD,MADD_HUMAN,Protein-2016,9606,2
MADD,MADD_HUMAN,Protein-2017,9606,2
MADD,MADD_HUMAN,Protein-2018,9606,2
MADD,MADD_HUMAN,Protein-2019,9606,2
MADD,MADD_HUMAN,Protein-2020,9606,2
MADD,MADD_HUMAN,Protein-2021,9606,2
MADD,MADD_HUMAN,Protein-2022,9606,2
MADD,MADD_HUMAN,Protein-2023,9606,2
MADD,MADD_HUMAN,Protein-2024,9606,2
MADD,MADD_HUMAN,Protein-2025,9606,2
MADD,MADD_HUMAN,Protein-2047,9606,2
MADD,MADD_HUMAN,Protein-2048,9606,2
MADD,MADD_HUMAN,Protein-2049,9606,2
MADD,MADD_HUMAN,Protein-2050,9606,2
MADD,MADD_HUMAN,Protein-2051,9606,2
MADD,MADD_HUMAN,Protein-2052,9606,2
MADD,MADD_HUMAN,Protein-2055,9606,2
MADD,MADD_HUMAN,Protein-2056,9606,2
MADD,MADD_HUMAN,Protein-2057,9606,2
MADD,MADD_HUMAN,Protein-2058,9606,2
MADD,MADD_HUMAN,Protein-2059,9606,2
MADD,MADD_HUMAN,Protein-2060,9606,2
MADD,MADD_HUMAN,Protein-2061,9606,2
MADD,MADD_HUMAN,Protein-2062,9606,2
MADD,MADD_HUMAN,Protein-2063,9606,2
MADD,MADD_HUMAN,Protein-2064,9606,2
MADD,MADD_HUMAN,Protein-2086,9606,2
MADD,MADD_HUMAN,Protein-2089,9606,2
MADD,MADD_HUMAN,Protein-2090,9606,2
MADD,MADD_HUMAN,Protein-2091,9606,2
MADD,MADD_HUMAN,Protein-2092,9606,2
MADD,MADD_HUMAN,Protein-2093,9606,2
MADD,MADD_HUMAN,Protein-2094,9606,2
MADD,MADD_HUMAN,Protein-2095,9606,2
MADD,MADD_HUMAN,Protein-2096,9606,2
MADD,MADD_HUMAN,Protein-2097,9606,2
MADD,MADD_HUMAN,Protein-2098,9606,2
PRSS23,PRSS23_HUMAN,Protein-123,9606,5
PRSS23,PRSS23_HUMAN,Protein-124,9606,5
PRSS23,PRSS23_HUMAN,Protein-162,9606,5
PRSS23,PRSS23_HUMAN,Protein-162,9606,5
PRSS23,PRSS23_HUMAN,Protein-196,9606,5
PRSS23,PRSS23_HUMAN,Protein-197,9606,5
PRSS23,PRSS23_HUMAN,Protein-235,9606,5
PRSS23,PRSS23_HUMAN,Protein-236,9606,5
PRSS23,PRSS23_HUMAN,Protein-269,9606,5
PRSS23,PRSS23_HUMAN,Protein-270,9606,5
PRSS23,PRSS23_HUMAN,Protein-308,9606,5
PRSS23,PRSS23_HUMAN,Protein-309,9606,5
PRSS23,PRSS23_HUMAN,Protein-353,9606,5
PRSS23,PRSS23_HUMAN,Protein-354,9606,5
PRSS23,PRSS23_HUMAN,Protein-392,9606,5
PRSS23,PRSS23_HUMAN,Protein-393,9606,5
PRSS23,PRSS23_HUMAN,Protein-426,9606,5
PRSS23,PRSS23_HUMAN,Protein-427,9606,5
PRSS23,PRSS23_HUMAN,Protein-465,9606,5
PRSS23,PRSS23_HUMAN,Protein-466,9606,5
PRSS23,PRSS23_HUMAN,Protein-499,9606,5
PRSS23,PRSS23_HUMAN,Protein-500,9606,5
PRSS23,PRSS23_HUMAN,Protein-529,9606,5
PRSS23,PRSS23_HUMAN,Protein-530,9606,5
PRSS23,PRSS23_HUMAN,Protein-568,9606,5
PRSS23,PRSS23_HUMAN,Protein-569,9606,5
PRSS23,PRSS23_HUMAN,Protein-602,9606,5
PRSS23,PRSS23_HUMAN,Protein-603,9606,5
PRSS23,PRSS23_HUMAN,Protein-636,9606,5
PRSS23,PRSS23_HUMAN,Protein-637,9606,5
PRSS23,PRSS23_HUMAN,Protein-675,9606,5
PRSS23,PRSS23_HUMAN,Protein-676,9606,5
PRSS23,PRSS23_HUMAN,Protein-709,9606,5
PRSS23,PRSS23_HUMAN,Protein-710,9606,5
PRSS23,PRSS23_HUMAN,Protein-760,9606,5
PRSS23,PRSS23_HUMAN,Protein-761,9606,5
PRSS23,PRSS23_HUMAN,Protein-799,9606,5
PRSS23,PRSS23_HUMAN,Protein-800,9606,5
PRSS23,PRSS23_HUMAN,Protein-833,9606,5
PRSS23,PRSS23_HUMAN,Protein-834,9606,5
PRSS23,PRSS23_HUMAN,Protein-872,9606,5
PRSS23,PRSS23_HUMAN,Protein-873,9606,5
PRSS23,PRSS23_HUMAN,Protein-917,9606,5
PRSS23,PRSS23_HUMAN,Protein-918,9606,5
PRSS23,PRSS23_HUMAN,Protein-956,9606,5
PRSS23,PRSS23_HUMAN,Protein-957,9606,5
PRSS23,PRSS23_HUMAN,Protein-990,9606,5
PRSS23,PRSS23_HUMAN,Protein-991,9606,5
PRSS23,PRSS23_HUMAN,Protein-1029,9606,5
PRSS23,PRSS23_HUMAN,Protein-1030,9606,5
PRSS23,PRSS23_HUMAN,Protein-1063,9606,5
PRSS23,PRSS23_HUMAN,Protein-1064,9606,5
PRSS23,PRSS23_HUMAN,Protein-1102,9606,5
PRSS23,PRSS23_HUMAN,Protein-1103,9606,5
PRSS23,PRSS23_HUMAN,Protein-1130,9606,5
PRSS23,PRSS23_HUMAN,Protein-1131,9606,5
PRSS23,PRSS23_HUMAN,Protein-1169,9606,5
PRSS23,PRSS23_HUMAN,Protein-1170,9606,5
PRSS23,PRSS23_HUMAN,Protein-1208,9606,5
PRSS23,PRSS23_HUMAN,Protein-1209,9606,5
PRSS23,PRSS23_HUMAN,Protein-1242,9606,5
PRSS23,PRSS23_HUMAN,Protein-1243,9606,5
PRSS23,PRSS23_HUMAN,Protein-1281,9606,5
PRSS23,PRSS23_HUMAN,Protein-1282,9606,5
PRSS23,PRSS23_HUMAN,Protein-1315,9606,5
PRSS23,PRSS23_HUMAN,Protein-1316,9606,5
PRSS23,PRSS23_HUMAN,Protein-1354,9606,5
PRSS23,PRSS23_HUMAN,Protein-1355,9606,5
PRSS23,PRSS23_HUMAN,Protein-1399,9606,5
PRSS23,PRSS23_HUMAN,Protein-1400,9606,5
PRSS23,PRSS23_HUMAN,Protein-1438,9606,5
PRSS23,PRSS23_HUMAN,Protein-1439,9606,5
PRSS23,PRSS23_HUMAN,Protein-1472,9606,5
PRSS23,PRSS23_HUMAN,Protein-1473,9606,5
PRSS23,PRSS23_HUMAN,Protein-1511,9606,5
PRSS23,PRSS23_HUMAN,Protein-1512,9606,5
PRSS23,PRSS23_HUMAN,Protein-1545,9606,5
PRSS23,PRSS23_HUMAN,Protein-1546,9606,5
PRSS23,PRSS23_HUMAN,Protein-1575,9606,5
PRSS23,PRSS23_HUMAN,Protein-1576,9606,5
PRSS23,PRSS23_HUMAN,Protein-1614,9606,5
PRSS23,PRSS23_HUMAN,Protein-1615,9606,5
PRSS23,PRSS23_HUMAN,Protein-1648,9606,5
PRSS23,PRSS23_HUMAN,Protein-1649,9606,5
PRSS23,PRSS23_HUMAN,Protein-1682,9606,5
PRSS23,PRSS23_HUMAN,Protein-1683,9606,5
PRSS23,PRSS23_HUMAN,Protein-1721,9606,5
PRSS23,PRSS23_HUMAN,Protein-1722,9606,5
PRSS23,PRSS23_HUMAN,Protein-1755,9606,5
PRSS23,PRSS23_HUMAN,Protein-1756,9606,5
PRSS23,PRSS23_HUMAN,Protein-1806,9606,5
PRSS23,PRSS23_HUMAN,Protein-1807,9606,5
PRSS23,PRSS23_HUMAN,Protein-1845,9606,5
PRSS23,PRSS23_HUMAN,Protein-1846,9606,5
PRSS23,PRSS23_HUMAN,Protein-1879,9606,5
PRSS23,PRSS23_HUMAN,Protein-1880,9606,5
PRSS23,PRSS23_HUMAN,Protein-1918,9606,5
PRSS23,PRSS23_HUMAN,Protein-1919,9606,5
PRSS23,PRSS23_HUMAN,Protein-1963,9606,5
PRSS23,PRSS23_HUMAN,Protein-1964,9606,5
PRSS23,PRSS23_HUMAN,Protein-2002,9606,5
PRSS23,PRSS23_HUMAN,Protein-2003,9606,5
PRSS23,PRSS23_HUMAN,Protein-2036,9606,5
PRSS23,PRSS23_HUMAN,Protein-2037,9606,5
PRSS23,PRSS23_HUMAN,Protein-2075,9606,5
PRSS23,PRSS23_HUMAN,Protein-2076,9606,5
PSMA3,PSMA3_HUMAN,Protein-125,9606,6
PSMA3,PSMA3_HUMAN,Protein-126,9606,6
PSMA3,PSMA3_HUMAN,Protein-127,9606,6
PSMA3,PSMA3_HUMAN,Protein-128,9606,6
PSMA3,PSMA3_HUMAN,Protein-164,9606,6
PSMA3,PSMA3_HUMAN,Protein-165,9606,6
PSMA3,PSMA3_HUMAN,Protein-166,9606,6
PSMA3,PSMA3_HUMAN,Protein-167,9606,6
PSMA3,PSMA3_HUMAN,Protein-198,9606,6
PSMA3,PSMA3_HUMAN,Protein-199,9606,6
PSMA3,PSMA3_HUMAN,Protein-200,9606,6
PSMA3,PSMA3_HUMAN,Protein-201,9606,6
PSMA3,PSMA3_HUMAN,Protein-237,9606,6
PSMA3,PSMA3_HUMAN,Protein-238,9606,6
PSMA3,PSMA3_HUMAN,Protein-239,9606,6
PSMA3,PSMA3_HUMAN,Protein-240,9606,6
PSMA3,PSMA3_HUMAN,Protein-271,9606,6
PSMA3,PSMA3_HUMAN,Protein-272,9606,6
PSMA3,PSMA3_HUMAN,Protein-273,9606,6
PSMA3,PSMA3_HUMAN,Protein-274,9606,6
PSMA3,PSMA3_HUMAN,Protein-310,9606,6
PSMA3,PSMA3_HUMAN,Protein-311,9606,6
PSMA3,PSMA3_HUMAN,Protein-312,9606,6
PSMA3,PSMA3_HUMAN,Protein-313,9606,6
PSMA3,PSMA3_HUMAN,Protein-355,9606,6
PSMA3,PSMA3_HUMAN,Protein-356,9606,6
PSMA3,PSMA3_HUMAN,Protein-357,9606,6
PSMA3,PSMA3_HUMAN,Protein-358,9606,6
PSMA3,PSMA3_HUMAN,Protein-394,9606,6
PSMA3,PSMA3_HUMAN,Protein-395,9606,6
PSMA3,PSMA3_HUMAN,Protein-396,9606,6
PSMA3,PSMA3_HUMAN,Protein-397,9606,6
PSMA3,PSMA3_HUMAN,Protein-428,9606,6
PSMA3,PSMA3_HUMAN,Protein-429,9606,6
PSMA3,PSMA3_HUMAN,Protein-430,9606,6
PSMA3,PSMA3_HUMAN,Protein-431,9606,6
PSMA3,PSMA3_HUMAN,Protein-467,9606,6
PSMA3,PSMA3_HUMAN,Protein-468,9606,6
PSMA3,PSMA3_HUMAN,Protein-469,9606,6
PSMA3,PSMA3_HUMAN,Protein-470,9606,6
PSMA3,PSMA3_HUMAN,Protein-501,9606,6
PSMA3,PSMA3_HUMAN,Protein-502,9606,6
PSMA3,PSMA3_HUMAN,Protein-503,9606,6
PSMA3,PSMA3_HUMAN,Protein-504,9606,6
PSMA3,PSMA3_HUMAN,Protein-531,9606,6
PSMA3,PSMA3_HUMAN,Protein-532,9606,6
PSMA3,PSMA3_HUMAN,Protein-533,9606,6
PSMA3,PSMA3_HUMAN,Protein-534,9606,6
PSMA3,PSMA3_HUMAN,Protein-570,9606,6
PSMA3,PSMA3_HUMAN,Protein-571,9606,6
PSMA3,PSMA3_HUMAN,Protein-572,9606,6
PSMA3,PSMA3_HUMAN,Protein-573,9606,6
PSMA3,PSMA3_HUMAN,Protein-604,9606,6
PSMA3,PSMA3_HUMAN,Protein-605,9606,6
PSMA3,PSMA3_HUMAN,Protein-606,9606,6
PSMA3,PSMA3_HUMAN,Protein-607,9606,6
PSMA3,PSMA3_HUMAN,Protein-638,9606,6
PSMA3,PSMA3_HUMAN,Protein-639,9606,6
PSMA3,PSMA3_HUMAN,Protein-640,9606,6
PSMA3,PSMA3_HUMAN,Protein-641,9606,6
PSMA3,PSMA3_HUMAN,Protein-677,9606,6
PSMA3,PSMA3_HUMAN,Protein-678,9606,6
PSMA3,PSMA3_HUMAN,Protein-679,9606,6
PSMA3,PSMA3_HUMAN,Protein-680,9606,6
PSMA3,PSMA3_HUMAN,Protein-711,9606,6
PSMA3,PSMA3_HUMAN,Protein-712,9606,6
PSMA3,PSMA3_HUMAN,Protein-713,9606,6
PSMA3,PSMA3_HUMAN,Protein-714,9606,6
PSMA3,PSMA3_HUMAN,Protein-762,9606,6
PSMA3,PSMA3_HUMAN,Protein-763,9606,6
PSMA3,PSMA3_HUMAN,Protein-764,9606,6
PSMA3,PSMA3_HUMAN,Protein-765,9606,6
PSMA3,PSMA3_HUMAN,Protein-801,9606,6
PSMA3,PSMA3_HUMAN,Protein-802,9606,6
PSMA3,PSMA3_HUMAN,Protein-803,9606,6
PSMA3,PSMA3_HUMAN,Protein-804,9606,6
PSMA3,PSMA3_HUMAN,Protein-835,9606,6
PSMA3,PSMA3_HUMAN,Protein-836,9606,6
PSMA3,PSMA3_HUMAN,Protein-837,9606,6
PSMA3,PSMA3_HUMAN,Protein-838,9606,6
PSMA3,PSMA3_HUMAN,Protein-874,9606,6
PSMA3,PSMA3_HUMAN,Protein-875,9606,6
PSMA3,PSMA3_HUMAN,Protein-876,9606,6
PSMA3,PSMA3_HUMAN,Protein-877,9606,6
PSMA3,PSMA3_HUMAN,Protein-919,9606,6
PSMA3,PSMA3_HUMAN,Protein-920,9606,6
PSMA3,PSMA3_HUMAN,Protein-921,9606,6
PSMA3,PSMA3_HUMAN,Protein-922,9606,6
PSMA3,PSMA3_HUMAN,Protein-958,9606,6
PSMA3,PSMA3_HUMAN,Protein-959,9606,6
PSMA3,PSMA3_HUMAN,Protein-960,9606,6
PSMA3,PSMA3_HUMAN,Protein-961,9606,6
PSMA3,PSMA3_HUMAN,Protein-992,9606,6
PSMA3,PSMA3_HUMAN,Protein-993,9606,6
PSMA3,PSMA3_HUMAN,Protein-994,9606,6
PSMA3,PSMA3_HUMAN,Protein-995,9606,6
PSMA3,PSMA3_HUMAN,Protein-1031,9606,6
PSMA3,PSMA3_HUMAN,Protein-1032,9606,6
PSMA3,PSMA3_HUMAN,Protein-1033,9606,6
PSMA3,PSMA3_HUMAN,Protein-1034,9606,6
PSMA3,PSMA3_HUMAN,Protein-1065,9606,6
PSMA3,PSMA3_HUMAN,Protein-1066,9606,6
PSMA3,PSMA3_HUMAN,Protein-1067,9606,6
PSMA3,PSMA3_HUMAN,Protein-1068,9606,6
PSMA3,PSMA3_HUMAN,Protein-1104,9606,6
PSMA3,PSMA3_HUMAN,Protein-1105,9606,6
PSMA3,PSMA3_HUMAN,Protein-1106,9606,6
PSMA3,PSMA3_HUMAN,Protein-1107,9606,6
PSMA3,PSMA3_HUMAN,Protein-1132,9606,6
PSMA3,PSMA3_HUMAN,Protein-1133,9606,6
PSMA3,PSMA3_HUMAN,Protein-1134,9606,6
PSMA3,PSMA3_HUMAN,Protein-1135,9606,6
PSMA3,PSMA3_HUMAN,Protein-1171,9606,6
PSMA3,PSMA3_HUMAN,Protein-1172,9606,6
PSMA3,PSMA3_HUMAN,Protein-1173,9606,6
PSMA3,PSMA3_HUMAN,Protein-1174,9606,6
PSMA3,PSMA3_HUMAN,Protein-1210,9606,6
PSMA3,PSMA3_HUMAN,Protein-1211,9606,6
PSMA3,PSMA3_HUMAN,Protein-1212,9606,6
PSMA3,PSMA3_HUMAN,Protein-1213,9606,6
PSMA3,PSMA3_HUMAN,Protein-1244,9606,6
PSMA3,PSMA3_HUMAN,Protein-1245,9606,6
PSMA3,PSMA3_HUMAN,Protein-1246,9606,6
PSMA3,PSMA3_HUMAN,Protein-1247,9606,6
PSMA3,PSMA3_HUMAN,Protein-1283,9606,6
PSMA3,PSMA3_HUMAN,Protein-1284,9606,6
PSMA3,PSMA3_HUMAN,Protein-1285,9606,6
PSMA3,PSMA3_HUMAN,Protein-1286,9606,6
PSMA3,PSMA3_HUMAN,Protein-1317,9606,6
PSMA3,PSMA3_HUMAN,Protein-1318,9606,6
PSMA3,PSMA3_HUMAN,Protein-1319,9606,6
PSMA3,PSMA3_HUMAN,Protein-1320,9606,6
PSMA3,PSMA3_HUMAN,Protein-1356,9606,6
PSMA3,PSMA3_HUMAN,Protein-1357,9606,6
PSMA3,PSMA3_HUMAN,Protein-1358,9606,6
PSMA3,PSMA3_HUMAN,Protein-1359,9606,6
PSMA3,PSMA3_HUMAN,Protein-1401,9606,6
PSMA3,PSMA3_HUMAN,Protein-1402,9606,6
PSMA3,PSMA3_HUMAN,Protein-1403,9606,6
PSMA3,PSMA3_HUMAN,Protein-1404,9606,6
PSMA3,PSMA3_HUMAN,Protein-1440,9606,6
PSMA3,PSMA3_HUMAN,Protein-1441,9606,6
PSMA3,PSMA3_HUMAN,Protein-1442,9606,6
PSMA3,PSMA3_HUMAN,Protein-1443,9606,6
PSMA3,PSMA3_HUMAN,Protein-1474,9606,6
PSMA3,PSMA3_HUMAN,Protein-1475,9606,6
PSMA3,PSMA3_HUMAN,Protein-1476,9606,6
PSMA3,PSMA3_HUMAN,Protein-1477,9606,6
PSMA3,PSMA3_HUMAN,Protein-1513,9606,6
PSMA3,PSMA3_HUMAN,Protein-1514,9606,6
PSMA3,PSMA3_HUMAN,Protein-1515,9606,6
PSMA3,PSMA3_HUMAN,Protein-1516,9606,6
PSMA3,PSMA3_HUMAN,Protein-1547,9606,6
PSMA3,PSMA3_HUMAN,Protein-1548,9606,6
PSMA3,PSMA3_HUMAN,Protein-1549,9606,6
PSMA3,PSMA3_HUMAN,Protein-1550,9606,6
PSMA3,PSMA3_HUMAN,Protein-1577,9606,6
PSMA3,PSMA3_HUMAN,Protein-1578,9606,6
PSMA3,PSMA3_HUMAN,Protein-1579,9606,6
PSMA3,PSMA3_HUMAN,Protein-1580,9606,6
PSMA3,PSMA3_HUMAN,Protein-1616,9606,6
PSMA3,PSMA3_HUMAN,Protein-1617,9606,6
PSMA3,PSMA3_HUMAN,Protein-1618,9606,6
PSMA3,PSMA3_HUMAN,Protein-1619,9606,6
PSMA3,PSMA3_HUMAN,Protein-1650,9606,6
PSMA3,PSMA3_HUMAN,Protein-1651,9606,6
PSMA3,PSMA3_HUMAN,Protein-1652,9606,6
PSMA3,PSMA3_HUMAN,Protein-1653,9606,6
PSMA3,PSMA3_HUMAN,Protein-1684,9606,6
PSMA3,PSMA3_HUMAN,Protein-1685,9606,6
PSMA3,PSMA3_HUMAN,Protein-1686,9606,6
PSMA3,PSMA3_HUMAN,Protein-1687,9606,6
PSMA3,PSMA3_HUMAN,Protein-1723,9606,6
PSMA3,PSMA3_HUMAN,Protein-1724,9606,6
PSMA3,PSMA3_HUMAN,Protein-1725,9606,6
PSMA3,PSMA3_HUMAN,Protein-1726,9606,6
PSMA3,PSMA3_HUMAN,Protein-1757,9606,6
PSMA3,PSMA3_HUMAN,Protein-1758,9606,6
PSMA3,PSMA3_HUMAN,Protein-1759,9606,6
PSMA3,PSMA3_HUMAN,Protein-1760,9606,6
PSMA3,PSMA3_HUMAN,Protein-1808,9606,6
PSMA3,PSMA3_HUMAN,Protein-1809,9606,6
PSMA3,PSMA3_HUMAN,Protein-1810,9606,6
PSMA3,PSMA3_HUMAN,Protein-1811,9606,6
PSMA3,PSMA3_HUMAN,Protein-1847,9606,6
PSMA3,PSMA3_HUMAN,Protein-1848,9606,6
PSMA3,PSMA3_HUMAN,Protein-1849,9606,6
PSMA3,PSMA3_HUMAN,Protein-1850,9606,6
PSMA3,PSMA3_HUMAN,Protein-1881,9606,6
PSMA3,PSMA3_HUMAN,Protein-1882,9606,6
PSMA3,PSMA3_HUMAN,Protein-1883,9606,6
PSMA3,PSMA3_HUMAN,Protein-1884,9606,6
PSMA3,PSMA3_HUMAN,Protein-1920,9606,6
PSMA3,PSMA3_HUMAN,Protein-1921,9606,6
PSMA3,PSMA3_HUMAN,Protein-1922,9606,6
PSMA3,PSMA3_HUMAN,Protein-1923,9606,6
PSMA3,PSMA3_HUMAN,Protein-1965,9606,6
PSMA3,PSMA3_HUMAN,Protein-1966,9606,6
PSMA3,PSMA3_HUMAN,Protein-1967,9606,6
PSMA3,PSMA3_HUMAN,Protein-1968,9606,6
PSMA3,PSMA3_HUMAN,Protein-2004,9606,6
PSMA3,PSMA3_HUMAN,Protein-2005,9606,6
PSMA3,PSMA3_HUMAN,Protein-2006,9606,6
PSMA3,PSMA3_HUMAN,Protein-2007,9606,6
PSMA3,PSMA3_HUMAN,Protein-2038,9606,6
PSMA3,PSMA3_HUMAN,Protein-2039,9606,6
PSMA3,PSMA3_HUMAN,Protein-2040,9606,6
PSMA3,PSMA3_HUMAN,Protein-2041,9606,6
PSMA3,PSMA3_HUMAN,Protein-2077,9606,6
PSMA3,PSMA3_HUMAN,Protein-2078,9606,6
PSMA3,PSMA3_HUMAN,Protein-2079,9606,6
PSMA3,PSMA3_HUMAN,Protein-2080,9606,6
PSMC1,PSMC1_HUMAN,Protein-114,9606,3
PSMC11,PSMC11_HUMAN,Protein-226,9606,8
PSMC11,PSMC11_HUMAN,Protein-260,9606,8
PSMC11,PSMC11_HUMAN,Protein-383,9606,8
PSMC11,PSMC11_HUMAN,Protein-417,9606,8
PSMC11,PSMC11_HUMAN,Protein-559,9606,8
PSMC11,PSMC11_HUMAN,Protein-593,9606,8
PSMC11,PSMC11_HUMAN,Protein-666,9606,8
PSMC11,PSMC11_HUMAN,Protein-700,9606,8
PSMC11,PSMC11_HUMAN,Protein-790,9606,8
PSMC11,PSMC11_HUMAN,Protein-824,9606,8
PSMC11,PSMC11_HUMAN,Protein-947,9606,8
PSMC11,PSMC11_HUMAN,Protein-981,9606,8
PSMC11,PSMC11_HUMAN,Protein-1199,9606,8
PSMC11,PSMC11_HUMAN,Protein-1233,9606,8
PSMC11,PSMC11_HUMAN,Protein-1390,9606,8
PSMC11,PSMC11_HUMAN,Protein-1566,9606,8
PSMC11,PSMC11_HUMAN,Protein-1673,9606,8
PSMC11,PSMC11_HUMAN,Protein-1797,9606,8
PSMC11,PSMC11_HUMAN,Protein-1954,9606,8
PSMC14,PSMC14_HUMAN,Protein-298,9606,8
PSMC14,PSMC14_HUMAN,Protein-455,9606,8
PSMC14,PSMC14_HUMAN,Protein-489,9606,8
PSMC14,PSMC14_HUMAN,Protein-862,9606,8
PSMC14,PSMC14_HUMAN,Protein-1019,9606,8
PSMC14,PSMC14_HUMAN,Protein-1053,9606,8
PSMC14,PSMC14_HUMAN,Protein-1271,9606,8
PSMC14,PSMC14_HUMAN,Protein-1305,9606,8
PSMC14,PSMC14_HUMAN,Protein-1428,9606,8
PSMC14,PSMC14_HUMAN,Protein-1462,9606,8
PSMC14,PSMC14_HUMAN,Protein-1604,9606,8
PSMC14,PSMC14_HUMAN,Protein-1638,9606,8
PSMC14,PSMC14_HUMAN,Protein-1711,9606,8
PSMC14,PSMC14_HUMAN,Protein-1745,9606,8
PSMC14,PSMC14_HUMAN,Protein-1835,9606,8
PSMC14,PSMC14_HUMAN,Protein-1869,9606,8
PSMC14,PSMC14_HUMAN,Protein-1992,9606,8
PSMC14,PSMC14_HUMAN,Protein-2026,9606,8
PSMC17,PSMC17_HUMAN,Protein-299,9606,8
PSMC17,PSMC17_HUMAN,Protein-456,9606,8
PSMC17,PSMC17_HUMAN,Protein-490,9606,8
PSMC17,PSMC17_HUMAN,Protein-863,9606,8
PSMC17,PSMC17_HUMAN,Protein-1020,9606,8
PSMC17,PSMC17_HUMAN,Protein-1054,9606,8
PSMC17,PSMC17_HUMAN,Protein-1272,9606,8
PSMC17,PSMC17_HUMAN,Protein-1306,9606,8
PSMC17,PSMC17_HUMAN,Protein-1429,9606,8
PSMC17,PSMC17_HUMAN,Protein-1463,9606,8
PSMC17,PSMC17_HUMAN,Protein-1605,9606,8
PSMC17,PSMC17_HUMAN,Protein-1639,9606,8
PSMC17,PSMC17_HUMAN,Protein-1712,9606,8
PSMC17,PSMC17_HUMAN,Protein-1746,9606,8
PSMC17,PSMC17_HUMAN,Protein-1836,9606,8
PSMC17,PSMC17_HUMAN,Protein-1870,9606,8
PSMC17,PSMC17_HUMAN,Protein-1993,9606,8
PSMC17,PSMC17_HUMAN,Protein-2027,9606,8
PSMC2,PSMC2_HUMAN,Protein-152,9606,8
PSMC2,PSMC2_HUMAN,Protein-186,9606,8
PSMC2,PSMC2_HUMAN,Protein-343,9606,8
PSMC2,PSMC2_HUMAN,Protein-519,9606,8
PSMC2,PSMC2_HUMAN,Protein-626,9606,8
PSMC2,PSMC2_HUMAN,Protein-750,9606,8
PSMC2,PSMC2_HUMAN,Protein-907,9606,8
PSMC2,PSMC2_HUMAN,Protein-1120,9606,8
PSMC2,PSMC2_HUMAN,Protein-1159,9606,8
PSMC20,PSMC20_HUMAN,Protein-1092,9606,8
PSMC20,PSMC20_HUMAN,Protein-1344,9606,8
PSMC20,PSMC20_HUMAN,Protein-1501,9606,8
PSMC20,PSMC20_HUMAN,Protein-1535,9606,8
PSMC20,PSMC20_HUMAN,Protein-1908,9606,8
PSMC20,PSMC20_HUMAN,Protein-2065,9606,8
PSMC20,PSMC20_HUMAN,Protein-2099,9606,8
PSMC23,PSMC23_HUMAN,Protein-1093,9606,8
PSMC23,PSMC23_HUMAN,Protein-1345,9606,8
PSMC23,PSMC23_HUMAN,Protein-1502,9606,8
PSMC23,PSMC23_HUMAN,Protein-1536,9606,8
PSMC23,PSMC23_HUMAN,Protein-1909,9606,8
PSMC23,PSMC23_HUMAN,Protein-2066,9606,8
PSMC4,PSMC4_HUMAN,Protein-113,9606,3
PSMC5,PSMC5_HUMAN,Protein-153,9606,8
PSMC5,PSMC5_HUMAN,Protein-187,9606,8
PSMC5,PSMC5_HUMAN,Protein-344,9606,8
PSMC5,PSMC5_HUMAN,Protein-520,9606,8
PSMC5,PSMC5_HUMAN,Protein-627,9606,8
PSMC5,PSMC5_HUMAN,Protein-751,9606,8
PSMC5,PSMC5_HUMAN,Protein-908,9606,8
PSMC5,PSMC5_HUMAN,Protein-1121,9606,8
PSMC5,PSMC5_HUMAN,Protein-1160,9606,8
PSMC8,PSMC8_HUMAN,Protein-225,9606,8
PSMC8,PSMC8_HUMAN,Protein-259,9606,8
PSMC8,PSMC8_HUMAN,Protein-382,9606,8
PSMC8,PSMC8_HUMAN,Protein-416,9606,8
PSMC8,PSMC8_HUMAN,Protein-558,9606,8
PSMC8,PSMC8_HUMAN,Protein-592,9606,8
PSMC8,PSMC8_HUMAN,Protein-665,9606,8
PSMC8,PSMC8_HUMAN,Protein-699,9606,8
PSMC8,PSMC8_HUMAN,Protein-789,9606,8
PSMC8,PSMC8_HUMAN,Protein-823,9606,8
PSMC8,PSMC8_HUMAN,Protein-946,9606,8
PSMC8,PSMC8_HUMAN,Protein-980,9606,8
PSMC8,PSMC8_HUMAN,Protein-1198,9606,8
PSMC8,PSMC8_HUMAN,Protein-1232,9606,8
PSMC8,PSMC8_HUMAN,Protein-1389,9606,8
PSMC8,PSMC8_HUMAN,Protein-1565,9606,8
PSMC8,PSMC8_HUMAN,Protein-1672,9606,8
PSMC8,PSMC8_HUMAN,Protein-1796,9606,8
PSMC8,PSMC8_HUMAN,Protein-1953,9606,8
