proteinid,peptideid
Protein-115,Peptide-1
Protein-116,Peptide-1
Protein-117,Peptide-1
Protein-118,Peptide-1
Protein-119,Peptide-1
Protein-120,Peptide-2
Protein-120,Peptide-3
Protein-121,Peptide-2
Protein-121,Peptide-3
Protein-122,Peptide-4
Protein-154,Peptide-5
Protein-155,Peptide-6
Protein-156,Peptide-7
Protein-157,Peptide-8
Protein-158,Peptide-9
Protein-159,Peptide-10
Protein-160,Peptide-11
Protein-161,Peptide-11
Protein-188,Peptide-12
Protein-189,Peptide-13
Protein-190,Peptide-14
Protein-191,Peptide-15
Protein-192,Peptide-16
Protein-193,Peptide-17
Protein-301,Peptide-37
Protein-302,Peptide-38
Protein-303,Peptide-39
Protein-304,Peptide-40
Protein-305,Peptide-41
Protein-306,Peptide-42
Protein-307,Peptide-43
Protein-345,Peptide-44
Protein-346,Peptide-45
Protein-347,Peptide-46
Protein-348,Peptide-47
Protein-349,Peptide-48
Protein-350,Peptide-49
Protein-350,Peptide-50
Protein-350,Peptide-51
Protein-351,Peptide-49
Protein-351,Peptide-50
Protein-351,Peptide-51
Protein-352,Peptide-49
Protein-352,Peptide-50
Protein-352,Peptide-51
Protein-384,Peptide-52
Protein-385,Peptide-53
Protein-386,Peptide-54
Protein-387,Peptide-55
Protein-388,Peptide-56
Protein-389,Peptide-57
Protein-390,Peptide-58
Protein-391,Peptide-59
Protein-418,Peptide-60
Protein-419,Peptide-61
Protein-420,Peptide-62
Protein-421,Peptide-62
Protein-422,Peptide-63
Protein-423,Peptide-64
Protein-424,Peptide-65
Protein-425,Peptide-66
Protein-457,Peptide-67
Protein-458,Peptide-68
Protein-459,Peptide-69
Protein-460,Peptide-70
Protein-461,Peptide-71
Protein-462,Peptide-72
Protein-463,Peptide-73
Protein-464,Peptide-74
Protein-491,Peptide-75
Protein-492,Peptide-76
Protein-493,Peptide-77
Protein-494,Peptide-78
Protein-495,Peptide-79
Protein-496,Peptide-80
Protein-497,Peptide-81
Protein-498,Peptide-82
Protein-521,Peptide-83
Protein-522,Peptide-84
Protein-523,Peptide-85
Protein-524,Peptide-86
Protein-525,Peptide-87
Protein-526,Peptide-88
Protein-527,Peptide-89
Protein-528,Peptide-90
Protein-560,Peptide-91
Protein-561,Peptide-92
Protein-562,Peptide-93
Protein-563,Peptide-94
Protein-564,Peptide-95
Protein-565,Peptide-96
Protein-566,Peptide-97
Protein-567,Peptide-98
Protein-594,Peptide-99
Protein-595,Peptide-100
Protein-595,Peptide-101
Protein-596,Peptide-100
Protein-596,Peptide-101
Protein-597,Peptide-102
Protein-598,Peptide-103
Protein-599,Peptide-104
Protein-600,Peptide-105
Protein-601,Peptide-106
Protein-628,Peptide-107
Protein-670,Peptide-118
Protein-671,Peptide-119
Protein-672,Peptide-120
Protein-673,Peptide-121
Protein-674,Peptide-122
Protein-701,Peptide-123
Protein-702,Peptide-123
Protein-703,Peptide-123
Protein-704,Peptide-124
Protein-705,Peptide-125
Protein-706,Peptide-126
Protein-707,Peptide-127
Protein-708,Peptide-128
Protein-752,Peptide-129
Protein-753,Peptide-130
Protein-754,Peptide-131
Protein-755,Peptide-132
Protein-756,Peptide-133
Protein-757,Peptide-134
Protein-758,Peptide-135
Protein-759,Peptide-136
Protein-791,Peptide-137
Protein-792,Peptide-138
Protein-793,Peptide-139
Protein-794,Peptide-140
Protein-795,Peptide-141
Protein-796,Peptide-142
Protein-797,Peptide-143
Protein-798,Peptide-144
Protein-825,Peptide-145
Protein-826,Peptide-146
Protein-827,Peptide-147
Protein-828,Peptide-148
Protein-829,Peptide-149
Protein-830,Peptide-150
Protein-831,Peptide-151
Protein-832,Peptide-152
Protein-864,Peptide-153
Protein-865,Peptide-154
Protein-866,Peptide-155
Protein-867,Peptide-156
Protein-868,Peptide-157
Protein-869,Peptide-158
Protein-870,Peptide-159
Protein-871,Peptide-160
Protein-909,Peptide-161
Protein-910,Peptide-162
Protein-911,Peptide-163
Protein-912,Peptide-164
Protein-913,Peptide-165
Protein-914,Peptide-166
Protein-915,Peptide-167
Protein-916,Peptide-168
Protein-948,Peptide-169
Protein-949,Peptide-170
Protein-950,Peptide-171
Protein-951,Peptide-172
Protein-952,Peptide-173
Protein-953,Peptide-174
Protein-954,Peptide-175
Protein-955,Peptide-176
Protein-982,Peptide-177
Protein-983,Peptide-178
Protein-984,Peptide-179
Protein-985,Peptide-180
Protein-986,Peptide-181
Protein-987,Peptide-182
Protein-988,Peptide-183
Protein-989,Peptide-184
Protein-1021,Peptide-184
Protein-1022,Peptide-184
Protein-1023,Peptide-184
Protein-1024,Peptide-185
Protein-1025,Peptide-186
Protein-1026,Peptide-187
Protein-1027,Peptide-188
Protein-1028,Peptide-189
Protein-1055,Peptide-190
Protein-1056,Peptide-191
Protein-1057,Peptide-192
Protein-1058,Peptide-193
Protein-1059,Peptide-194
Protein-1060,Peptide-195
Protein-1061,Peptide-196
Protein-1062,Peptide-197
Protein-1094,Peptide-198
Protein-1095,Peptide-199
Protein-1096,Peptide-200
Protein-1097,Peptide-200
Protein-1098,Peptide-200
Protein-1099,Peptide-201
Protein-1100,Peptide-202
Protein-1101,Peptide-203
Protein-1122,Peptide-204
Protein-1123,Peptide-205
Protein-1124,Peptide-206
Protein-1125,Peptide-207
Protein-1126,Peptide-208
Protein-1127,Peptide-209
Protein-1129,Peptide-211
Protein-1128,Peptide-210
Protein-1161,Peptide-212
Protein-1162,Peptide-213
Protein-1163,Peptide-214
Protein-1164,Peptide-215
Protein-1165,Peptide-216
Protein-1166,Peptide-217
Protein-1167,Peptide-218
Protein-1168,Peptide-219
Protein-1200,Peptide-220
Protein-1200,Peptide-221
Protein-1201,Peptide-220
Protein-1201,Peptide-221
Protein-1202,Peptide-222
Protein-1203,Peptide-223
Protein-1204,Peptide-224
Protein-1205,Peptide-225
Protein-1206,Peptide-226
Protein-1207,Peptide-227
Protein-1234,Peptide-228
Protein-1235,Peptide-229
Protein-1236,Peptide-230
Protein-1237,Peptide-231
Protein-1238,Peptide-232
Protein-1239,Peptide-233
Protein-1240,Peptide-234
Protein-1241,Peptide-235
Protein-1273,Peptide-236
Protein-1274,Peptide-237
Protein-1275,Peptide-238
Protein-1276,Peptide-239
Protein-1277,Peptide-240
Protein-1278,Peptide-241
Protein-1279,Peptide-242
Protein-1280,Peptide-243
Protein-1307,Peptide-244
Protein-1308,Peptide-245
Protein-1309,Peptide-246
Protein-1310,Peptide-247
Protein-1311,Peptide-248
Protein-1312,Peptide-249
Protein-1313,Peptide-250
Protein-1392,Peptide-261
Protein-1393,Peptide-262
Protein-1394,Peptide-263
Protein-1395,Peptide-264
Protein-1396,Peptide-265
Protein-1397,Peptide-266
Protein-1398,Peptide-268
Protein-1430,Peptide-268
Protein-1430,Peptide-269
Protein-1431,Peptide-268
Protein-1431,Peptide-269
Protein-1431,Peptide-270
Protein-1433,Peptide-271
Protein-1434,Peptide-272
Protein-1435,Peptide-273
Protein-1436,Peptide-274
Protein-1437,Peptide-275
Protein-1464,Peptide-276
Protein-1465,Peptide-277
Protein-1466,Peptide-278
Protein-1467,Peptide-279
Protein-1468,Peptide-280
Protein-1469,Peptide-281
Protein-1470,Peptide-282
Protein-1471,Peptide-283
Protein-1503,Peptide-284
Protein-1504,Peptide-285
Protein-1505,Peptide-286
Protein-1506,Peptide-287
Protein-1507,Peptide-288
Protein-1508,Peptide-289
Protein-1509,Peptide-290
Protein-1510,Peptide-291
Protein-1510,Peptide-292
Protein-1537,Peptide-291
Protein-1537,Peptide-292
Protein-1538,Peptide-293
Protein-1539,Peptide-294
Protein-1540,Peptide-295
Protein-1541,Peptide-296
Protein-1542,Peptide-297
Protein-1543,Peptide-298
Protein-1544,Peptide-299
Protein-1567,Peptide-300
Protein-1568,Peptide-301
Protein-1569,Peptide-302
Protein-1570,Peptide-303
Protein-1570,Peptide-304
Protein-1571,Peptide-303
Protein-1571,Peptide-304
Protein-1572,Peptide-305
Protein-1573,Peptide-306
Protein-1574,Peptide-307
Protein-1606,Peptide-308
Protein-1607,Peptide-309
Protein-1608,Peptide-310
Protein-1609,Peptide-311
Protein-1610,Peptide-312
Protein-1611,Peptide-313
Protein-1612,Peptide-314
Protein-1613,Peptide-315
Protein-1640,Peptide-316
Protein-1641,Peptide-317
Protein-1642,Peptide-318
Protein-1643,Peptide-319
Protein-1644,Peptide-320
Protein-1645,Peptide-321
Protein-1646,Peptide-322
Protein-1647,Peptide-323
Protein-1674,Peptide-324
Protein-1675,Peptide-325
Protein-1676,Peptide-326
Protein-1677,Peptide-327
Protein-1678,Peptide-328
Protein-1679,Peptide-329
Protein-1680,Peptide-330
Protein-1681,Peptide-331
Protein-1713,Peptide-332
Protein-1714,Peptide-333
Protein-1715,Peptide-334
Protein-1716,Peptide-335
Protein-1717,Peptide-336
Protein-1718,Peptide-337
Protein-1719,Peptide-338
Protein-1720,Peptide-339
Protein-1747,Peptide-340
Protein-1748,Peptide-341
Protein-1749,Peptide-342
Protein-1750,Peptide-343
Protein-1751,Peptide-344
Protein-1752,Peptide-345
Protein-1753,Peptide-346
Protein-1754,Peptide-347
Protein-1798,Peptide-348
Protein-1799,Peptide-349
Protein-1800,Peptide-350
Protein-1801,Peptide-350
Protein-1802,Peptide-351
Protein-1803,Peptide-352
Protein-1804,Peptide-353
Protein-1805,Peptide-354
Protein-1837,Peptide-355
Protein-1962,Peptide-386
Protein-1994,Peptide-387
Protein-1995,Peptide-388
Protein-1996,Peptide-389
Protein-1997,Peptide-390
Protein-1998,Peptide-391
Protein-1999,Peptide-392
Protein-2000,Peptide-393
Protein-2001,Peptide-394
Protein-2028,Peptide-395
Protein-2029,Peptide-396
Protein-2030,Peptide-397
Protein-2031,Peptide-398
Protein-2032,Peptide-399
Protein-2033,Peptide-400
Protein-2034,Peptide-400
Protein-2035,Peptide-400
Protein-2067,Peptide-401
Protein-2068,Peptide-402
Protein-2069,Peptide-403
Protein-2070,Peptide-404
Protein-2071,Peptide-405
Protein-2072,Peptide-406
Protein-2073,Peptide-407
Protein-2074,Peptide-408
Protein-101,Peptide-409
Protein-578,Peptide-460
Protein-580,Peptide-461
Protein-581,Peptide-462
Protein-611,Peptide-463
Protein-612,Peptide-464
Protein-614,Peptide-465
Protein-615,Peptide-466
Protein-645,Peptide-467
Protein-646,Peptide-468
Protein-653,Peptide-469
Protein-654,Peptide-470
Protein-684,Peptide-471
Protein-685,Peptide-472
Protein-687,Peptide-473
Protein-895,Peptide-497
Protein-896,Peptide-498
Protein-926,Peptide-499
Protein-927,Peptide-500
Protein-934,Peptide-501
Protein-935,Peptide-502
Protein-965,Peptide-503
Protein-966,Peptide-504
Protein-968,Peptide-505
Protein-969,Peptide-506
Protein-999,Peptide-507
Protein-1000,Peptide-508
Protein-1000,Peptide-509
Protein-1000,Peptide-510
Protein-1007,Peptide-508
Protein-1007,Peptide-509
Protein-1007,Peptide-510
Protein-1008,Peptide-508
Protein-1008,Peptide-509
Protein-1008,Peptide-510
Protein-1038,Peptide-511
Protein-1039,Peptide-512
Protein-1041,Peptide-513
Protein-1042,Peptide-514
Protein-1072,Peptide-515
Protein-1073,Peptide-516
Protein-1080,Peptide-517
Protein-1081,Peptide-518
Protein-1108,Peptide-519
Protein-1109,Peptide-520
Protein-1139,Peptide-521
Protein-1140,Peptide-522
Protein-1147,Peptide-523
Protein-1148,Peptide-524
Protein-1178,Peptide-525
Protein-1179,Peptide-526
Protein-1186,Peptide-527
Protein-1187,Peptide-528
Protein-1217,Peptide-529
Protein-1218,Peptide-530
Protein-1220,Peptide-531
Protein-1220,Peptide-532
Protein-1221,Peptide-531
Protein-1221,Peptide-532
Protein-1251,Peptide-533
Protein-1252,Peptide-534
Protein-1259,Peptide-535
Protein-1260,Peptide-536
Protein-1290,Peptide-537
Protein-1291,Peptide-538
Protein-1293,Peptide-539
Protein-1294,Peptide-540
Protein-1324,Peptide-541
Protein-1325,Peptide-542
Protein-1332,Peptide-543
Protein-1333,Peptide-544
Protein-1363,Peptide-545
Protein-1364,Peptide-546
Protein-1366,Peptide-547
Protein-1367,Peptide-548
Protein-1377,Peptide-549
Protein-1378,Peptide-550
Protein-1408,Peptide-550
Protein-1409,Peptide-551
Protein-1416,Peptide-552
Protein-1417,Peptide-553
Protein-1447,Peptide-554
Protein-1448,Peptide-555
Protein-1450,Peptide-556
Protein-1451,Peptide-557
Protein-1481,Peptide-558
Protein-1490,Peptide-561
Protein-1520,Peptide-562
Protein-1521,Peptide-563
Protein-1523,Peptide-564
Protein-1524,Peptide-565
Protein-1553,Peptide-566
Protein-1554,Peptide-567
Protein-1584,Peptide-568
Protein-1585,Peptide-569
Protein-1592,Peptide-570
Protein-1593,Peptide-571
Protein-1623,Peptide-508
Protein-1624,Peptide-509
Protein-1626,Peptide-510
Protein-1627,Peptide-508
Protein-1657,Peptide-509
Protein-1658,Peptide-510
Protein-1660,Peptide-508
Protein-1661,Peptide-509
Protein-1691,Peptide-510
Protein-1855,Peptide-599
Protein-1857,Peptide-600
Protein-1858,Peptide-601
Protein-2054,Peptide-623
Protein-2084,Peptide-624
Protein-2085,Peptide-625
Protein-2087,Peptide-626
Protein-2088,Peptide-627
Protein-129,Peptide-628
Protein-131,Peptide-629
Protein-168,Peptide-630
Protein-170,Peptide-631
Protein-202,Peptide-631
Protein-204,Peptide-631
Protein-241,Peptide-632
Protein-243,Peptide-633
Protein-275,Peptide-634
Protein-277,Peptide-635
Protein-314,Peptide-636
Protein-316,Peptide-637
Protein-359,Peptide-638
Protein-361,Peptide-639
Protein-398,Peptide-640
Protein-400,Peptide-641
Protein-432,Peptide-642
Protein-434,Peptide-643
Protein-471,Peptide-644
Protein-473,Peptide-645
Protein-505,Peptide-646
Protein-535,Peptide-647
Protein-537,Peptide-647
Protein-574,Peptide-648
Protein-576,Peptide-649
Protein-608,Peptide-650
Protein-610,Peptide-650
Protein-642,Peptide-651
Protein-644,Peptide-652
Protein-681,Peptide-653
Protein-683,Peptide-654
Protein-715,Peptide-655
Protein-717,Peptide-656
Protein-766,Peptide-657
Protein-768,Peptide-658
Protein-805,Peptide-659
Protein-807,Peptide-660
Protein-839,Peptide-661
Protein-841,Peptide-662
Protein-878,Peptide-663
Protein-880,Peptide-664
Protein-923,Peptide-665
Protein-925,Peptide-666
Protein-962,Peptide-1
Protein-964,Peptide-1
Protein-996,Peptide-1
Protein-998,Peptide-1
Protein-1035,Peptide-1
Protein-1138,Peptide-4
Protein-1175,Peptide-5
Protein-1177,Peptide-6
Protein-1214,Peptide-7
Protein-1216,Peptide-8
Protein-1248,Peptide-9
Protein-1250,Peptide-10
Protein-1287,Peptide-11
Protein-1289,Peptide-11
Protein-1321,Peptide-12
Protein-1323,Peptide-13
Protein-1360,Peptide-14
Protein-1362,Peptide-15
Protein-1405,Peptide-16
Protein-2008,Peptide-46
Protein-2010,Peptide-47
Protein-2042,Peptide-48
Protein-2044,Peptide-49
Protein-2081,Peptide-50
Protein-2083,Peptide-51
Protein-130,Peptide-49
Protein-169,Peptide-50
Protein-203,Peptide-51
Protein-242,Peptide-49
Protein-276,Peptide-50
Protein-315,Peptide-51
Protein-360,Peptide-50
Protein-399,Peptide-51
Protein-433,Peptide-52
Protein-472,Peptide-53
Protein-506,Peptide-54
Protein-536,Peptide-55
Protein-575,Peptide-56
Protein-609,Peptide-57
Protein-643,Peptide-58
Protein-682,Peptide-59
Protein-716,Peptide-60
Protein-767,Peptide-61
Protein-806,Peptide-62
Protein-840,Peptide-62
Protein-879,Peptide-63
Protein-924,Peptide-64
Protein-963,Peptide-65
Protein-997,Peptide-66
Protein-1036,Peptide-67
Protein-104,Peptide-97
Protein-105,Peptide-98
Protein-106,Peptide-99
Protein-107,Peptide-100
Protein-108,Peptide-101
Protein-109,Peptide-100
Protein-110,Peptide-101
Protein-111,Peptide-102
Protein-112,Peptide-103
Protein-134,Peptide-104
Protein-176,Peptide-121
Protein-177,Peptide-122
Protein-178,Peptide-123
Protein-179,Peptide-123
Protein-180,Peptide-123
Protein-181,Peptide-124
Protein-182,Peptide-125
Protein-183,Peptide-126
Protein-184,Peptide-127
Protein-328,Peptide-179
Protein-329,Peptide-180
Protein-330,Peptide-181
Protein-333,Peptide-182
Protein-334,Peptide-183
Protein-335,Peptide-184
Protein-336,Peptide-184
Protein-337,Peptide-184
Protein-338,Peptide-184
Protein-339,Peptide-185
Protein-340,Peptide-186
Protein-341,Peptide-187
Protein-342,Peptide-188
Protein-364,Peptide-189
Protein-365,Peptide-190
Protein-366,Peptide-191
Protein-367,Peptide-192
Protein-368,Peptide-193
Protein-369,Peptide-194
Protein-372,Peptide-195
Protein-373,Peptide-196
Protein-374,Peptide-197
Protein-375,Peptide-198
Protein-376,Peptide-199
Protein-377,Peptide-200
Protein-378,Peptide-200
Protein-379,Peptide-200
Protein-380,Peptide-201
Protein-381,Peptide-202
Protein-403,Peptide-203
Protein-406,Peptide-204
Protein-407,Peptide-205
Protein-415,Peptide-213
Protein-437,Peptide-214
Protein-438,Peptide-215
Protein-439,Peptide-216
Protein-440,Peptide-217
Protein-441,Peptide-218
Protein-442,Peptide-219
Protein-445,Peptide-222
Protein-446,Peptide-223
Protein-447,Peptide-224
Protein-448,Peptide-261
Protein-449,Peptide-222
Protein-450,Peptide-223
Protein-451,Peptide-224
Protein-554,Peptide-261
Protein-555,Peptide-262
Protein-556,Peptide-263
Protein-557,Peptide-264
Protein-579,Peptide-265
Protein-582,Peptide-266
Protein-583,Peptide-268
Protein-584,Peptide-268
Protein-585,Peptide-269
Protein-586,Peptide-268
Protein-587,Peptide-269
Protein-588,Peptide-270
Protein-589,Peptide-268
Protein-590,Peptide-268
Protein-591,Peptide-269
Protein-613,Peptide-268
Protein-616,Peptide-269
Protein-617,Peptide-270
Protein-618,Peptide-277
Protein-619,Peptide-278
Protein-620,Peptide-279
Protein-621,Peptide-280
Protein-622,Peptide-281
Protein-623,Peptide-282
Protein-624,Peptide-283
Protein-660,Peptide-296
Protein-661,Peptide-297
Protein-662,Peptide-298
Protein-663,Peptide-299
Protein-664,Peptide-300
Protein-686,Peptide-301
Protein-689,Peptide-302
Protein-690,Peptide-300
Protein-691,Peptide-301
Protein-692,Peptide-302
Protein-693,Peptide-304
Protein-694,Peptide-305
Protein-695,Peptide-306
Protein-696,Peptide-307
Protein-697,Peptide-308
Protein-698,Peptide-309
Protein-785,Peptide-348
Protein-786,Peptide-349
Protein-787,Peptide-350
Protein-788,Peptide-350
Protein-810,Peptide-351
Protein-813,Peptide-352
Protein-814,Peptide-353
Protein-815,Peptide-354
Protein-816,Peptide-355
Protein-901,Peptide-392
Protein-902,Peptide-393
Protein-903,Peptide-394
Protein-904,Peptide-395
Protein-905,Peptide-396
Protein-906,Peptide-397
Protein-928,Peptide-398
Protein-929,Peptide-399
Protein-930,Peptide-402
Protein-931,Peptide-403
Protein-932,Peptide-404
Protein-936,Peptide-402
Protein-937,Peptide-403
Protein-938,Peptide-404
Protein-939,Peptide-405
Protein-1196,Peptide-506
Protein-1197,Peptide-507
Protein-1219,Peptide-508
Protein-1222,Peptide-509
Protein-1223,Peptide-510
Protein-1224,Peptide-508
Protein-1225,Peptide-509
Protein-1226,Peptide-510
Protein-1227,Peptide-508
Protein-1228,Peptide-509
Protein-1229,Peptide-510
Protein-1230,Peptide-511
Protein-1231,Peptide-512
Protein-1253,Peptide-513
Protein-1254,Peptide-514
Protein-1255,Peptide-515
Protein-1256,Peptide-516
Protein-1257,Peptide-517
Protein-1258,Peptide-518
Protein-1261,Peptide-519
Protein-1262,Peptide-520
Protein-1263,Peptide-521
Protein-1264,Peptide-522
Protein-1265,Peptide-523
Protein-1266,Peptide-524
Protein-1267,Peptide-525
Protein-1268,Peptide-266
Protein-1269,Peptide-268
Protein-1270,Peptide-268
Protein-1292,Peptide-269
Protein-1295,Peptide-268
Protein-1296,Peptide-269
Protein-1297,Peptide-270
Protein-1298,Peptide-533
Protein-1299,Peptide-534
Protein-1300,Peptide-535
Protein-1301,Peptide-536
Protein-1302,Peptide-537
Protein-1303,Peptide-538
Protein-1304,Peptide-539
Protein-1326,Peptide-540
Protein-1327,Peptide-541
Protein-1328,Peptide-542
Protein-1329,Peptide-543
Protein-1330,Peptide-544
Protein-1331,Peptide-545
Protein-1334,Peptide-546
Protein-1335,Peptide-547
Protein-1336,Peptide-548
Protein-1337,Peptide-549
Protein-1338,Peptide-550
Protein-1339,Peptide-550
Protein-1340,Peptide-551
Protein-1341,Peptide-552
Protein-1342,Peptide-553
Protein-1343,Peptide-554
Protein-1365,Peptide-555
Protein-1368,Peptide-556
Protein-1533,Peptide-627
Protein-1534,Peptide-628
Protein-1555,Peptide-629
Protein-1556,Peptide-630
Protein-1557,Peptide-631
Protein-1558,Peptide-631
Protein-1559,Peptide-631
Protein-1560,Peptide-632
Protein-1561,Peptide-633
Protein-1562,Peptide-634
Protein-1563,Peptide-635
Protein-1564,Peptide-636
Protein-1586,Peptide-637
Protein-1587,Peptide-638
Protein-1588,Peptide-639
Protein-1589,Peptide-640
Protein-1590,Peptide-641
Protein-1591,Peptide-642
Protein-1594,Peptide-643
Protein-1595,Peptide-644
Protein-1596,Peptide-645
Protein-1597,Peptide-646
Protein-1598,Peptide-647
Protein-1599,Peptide-647
Protein-1600,Peptide-648
Protein-1601,Peptide-649
Protein-1602,Peptide-650
Protein-1603,Peptide-650
Protein-1625,Peptide-651
Protein-1628,Peptide-652
Protein-1629,Peptide-653
Protein-1630,Peptide-654
Protein-1631,Peptide-655
Protein-1632,Peptide-656
Protein-1633,Peptide-657
Protein-1634,Peptide-658
Protein-1635,Peptide-659
Protein-1636,Peptide-660
Protein-1637,Peptide-661
Protein-1659,Peptide-662
Protein-1662,Peptide-663
Protein-1663,Peptide-664
Protein-1664,Peptide-665
Protein-1665,Peptide-666
Protein-1666,Peptide-1
Protein-1667,Peptide-1
Protein-1668,Peptide-1
Protein-1669,Peptide-1
Protein-1670,Peptide-1
Protein-1696,Peptide-4
Protein-1697,Peptide-5
Protein-1698,Peptide-6
Protein-1701,Peptide-7
Protein-1702,Peptide-8
Protein-1703,Peptide-9
Protein-1704,Peptide-10
Protein-1705,Peptide-11
Protein-1706,Peptide-11
Protein-1707,Peptide-12
Protein-1708,Peptide-13
Protein-1709,Peptide-14
Protein-1710,Peptide-15
Protein-1786,Peptide-43
Protein-1787,Peptide-44
Protein-1788,Peptide-45
Protein-1789,Peptide-46
Protein-1790,Peptide-47
Protein-1791,Peptide-48
Protein-1792,Peptide-49
Protein-1793,Peptide-50
Protein-1794,Peptide-51
Protein-1795,Peptide-49
Protein-1817,Peptide-50
Protein-1818,Peptide-51
Protein-1819,Peptide-49
Protein-1820,Peptide-50
Protein-1821,Peptide-51
Protein-1822,Peptide-50
Protein-1825,Peptide-51
Protein-1826,Peptide-52
Protein-1827,Peptide-53
Protein-1828,Peptide-54
Protein-1829,Peptide-55
Protein-1830,Peptide-56
Protein-1831,Peptide-57
Protein-1832,Peptide-58
Protein-1833,Peptide-59
Protein-1834,Peptide-60
Protein-1856,Peptide-61
Protein-1859,Peptide-62
Protein-1860,Peptide-62
Protein-1861,Peptide-63
Protein-1862,Peptide-64
Protein-1863,Peptide-65
Protein-1864,Peptide-66
Protein-1865,Peptide-67
Protein-1866,Peptide-68
Protein-1867,Peptide-69
Protein-1868,Peptide-70
Protein-1890,Peptide-71
Protein-1891,Peptide-72
Protein-1939,Peptide-95
Protein-1940,Peptide-96
Protein-1943,Peptide-97
Protein-1944,Peptide-98
Protein-1945,Peptide-99
Protein-1946,Peptide-100
Protein-1947,Peptide-101
Protein-1948,Peptide-100
Protein-1949,Peptide-101
Protein-1950,Peptide-102
Protein-1951,Peptide-103
Protein-1952,Peptide-104
Protein-1974,Peptide-105
Protein-1975,Peptide-106
Protein-1976,Peptide-107
Protein-1977,Peptide-108
Protein-1978,Peptide-109
Protein-1979,Peptide-110
Protein-1982,Peptide-111
Protein-1983,Peptide-112
Protein-1984,Peptide-113
Protein-1985,Peptide-114
Protein-1986,Peptide-115
Protein-1987,Peptide-116
Protein-1988,Peptide-117
Protein-1989,Peptide-118
Protein-1990,Peptide-119
Protein-1991,Peptide-120
Protein-2013,Peptide-121
Protein-2016,Peptide-122
Protein-2017,Peptide-123
Protein-2018,Peptide-123
Protein-2019,Peptide-123
Protein-2020,Peptide-124
Protein-2021,Peptide-125
Protein-2022,Peptide-126
Protein-2023,Peptide-127
Protein-2024,Peptide-128
Protein-2025,Peptide-129
Protein-569,Peptide-182
Protein-602,Peptide-183
Protein-603,Peptide-184
Protein-636,Peptide-184
Protein-637,Peptide-184
Protein-675,Peptide-184
Protein-676,Peptide-185
Protein-709,Peptide-186
Protein-710,Peptide-187
Protein-760,Peptide-188
Protein-761,Peptide-189
Protein-799,Peptide-190
Protein-800,Peptide-191
Protein-833,Peptide-192
Protein-834,Peptide-193
Protein-872,Peptide-194
Protein-873,Peptide-195
Protein-917,Peptide-196
Protein-918,Peptide-197
Protein-956,Peptide-198
Protein-957,Peptide-199
Protein-990,Peptide-200
Protein-991,Peptide-200
Protein-1029,Peptide-200
Protein-1030,Peptide-201
Protein-1063,Peptide-202
Protein-1064,Peptide-203
Protein-1102,Peptide-204
Protein-1103,Peptide-205
Protein-1130,Peptide-206
Protein-1131,Peptide-207
Protein-1169,Peptide-208
Protein-1170,Peptide-209
Protein-1242,Peptide-212
Protein-1243,Peptide-213
Protein-1281,Peptide-214
Protein-1282,Peptide-215
Protein-1315,Peptide-216
Protein-1316,Peptide-217
Protein-1354,Peptide-218
Protein-1355,Peptide-219
Protein-1399,Peptide-222
Protein-1400,Peptide-223
Protein-1438,Peptide-224
Protein-1439,Peptide-225
Protein-1472,Peptide-222
Protein-1473,Peptide-223
Protein-1511,Peptide-224
Protein-1512,Peptide-225
Protein-1545,Peptide-226
Protein-199,Peptide-265
Protein-200,Peptide-266
Protein-201,Peptide-268
Protein-237,Peptide-268
Protein-238,Peptide-269
Protein-239,Peptide-268
Protein-240,Peptide-269
Protein-271,Peptide-270
Protein-272,Peptide-271
Protein-273,Peptide-272
Protein-274,Peptide-273
Protein-310,Peptide-274
Protein-311,Peptide-275
Protein-312,Peptide-276
Protein-313,Peptide-277
Protein-502,Peptide-295
Protein-503,Peptide-296
Protein-504,Peptide-297
Protein-531,Peptide-298
Protein-532,Peptide-299
Protein-533,Peptide-300
Protein-534,Peptide-301
Protein-570,Peptide-302
Protein-571,Peptide-303
Protein-572,Peptide-304
Protein-573,Peptide-303
Protein-604,Peptide-304
Protein-605,Peptide-305
Protein-606,Peptide-306
Protein-607,Peptide-307
Protein-638,Peptide-308
Protein-639,Peptide-309
Protein-640,Peptide-310
Protein-641,Peptide-311
Protein-677,Peptide-312
Protein-678,Peptide-313
Protein-679,Peptide-314
Protein-680,Peptide-315
Protein-711,Peptide-316
Protein-712,Peptide-49
Protein-713,Peptide-50
Protein-714,Peptide-51
Protein-762,Peptide-49
Protein-763,Peptide-50
Protein-877,Peptide-51
Protein-919,Peptide-49
Protein-920,Peptide-50
Protein-921,Peptide-51
Protein-922,Peptide-50
Protein-958,Peptide-51
Protein-959,Peptide-341
Protein-960,Peptide-342
Protein-961,Peptide-343
Protein-992,Peptide-344
Protein-993,Peptide-345
Protein-994,Peptide-346
Protein-995,Peptide-123
Protein-1031,Peptide-123
Protein-1032,Peptide-123
Protein-1033,Peptide-350
Protein-1034,Peptide-350
Protein-1065,Peptide-400
Protein-1066,Peptide-400
Protein-1067,Peptide-400
Protein-1068,Peptide-354
Protein-1104,Peptide-355
Protein-1105,Peptide-356
Protein-1106,Peptide-357
Protein-1107,Peptide-358
Protein-1132,Peptide-359
Protein-1133,Peptide-360
Protein-1134,Peptide-361
Protein-1135,Peptide-362
Protein-1171,Peptide-363
Protein-1172,Peptide-364
Protein-1173,Peptide-365
Protein-1174,Peptide-366
Protein-1210,Peptide-367
Protein-1210,Peptide-368
Protein-1211,Peptide-367
Protein-1212,Peptide-368
Protein-1213,Peptide-370
Protein-1244,Peptide-371
Protein-1245,Peptide-372
Protein-1246,Peptide-373
Protein-1247,Peptide-374
Protein-1283,Peptide-375
Protein-1284,Peptide-376
Protein-1285,Peptide-377
Protein-1286,Peptide-378
Protein-1317,Peptide-379
Protein-1318,Peptide-380
Protein-1319,Peptide-381
Protein-1319,Peptide-382
Protein-1320,Peptide-381
Protein-1320,Peptide-382
Protein-1356,Peptide-383
Protein-1357,Peptide-384
Protein-1358,Peptide-385
Protein-1359,Peptide-386
Protein-1401,Peptide-387
Protein-1402,Peptide-388
Protein-1403,Peptide-389
Protein-1404,Peptide-390
Protein-1440,Peptide-391
Protein-1441,Peptide-392
Protein-1442,Peptide-393
Protein-1443,Peptide-394
Protein-1474,Peptide-395
Protein-1475,Peptide-396
Protein-1476,Peptide-123
Protein-1477,Peptide-123
Protein-1513,Peptide-123
Protein-1514,Peptide-400
Protein-1515,Peptide-400
Protein-1516,Peptide-400
Protein-1547,Peptide-401
Protein-1548,Peptide-402
Protein-1549,Peptide-403
Protein-1550,Peptide-404
Protein-1577,Peptide-405
Protein-1578,Peptide-406
Protein-1579,Peptide-407
Protein-1580,Peptide-408
Protein-1616,Peptide-409
Protein-1617,Peptide-410
Protein-1810,Peptide-431
Protein-1811,Peptide-432
Protein-1847,Peptide-433
Protein-1848,Peptide-434
Protein-1849,Peptide-435
Protein-1850,Peptide-436
Protein-1881,Peptide-437
Protein-1882,Peptide-438
Protein-1883,Peptide-439
Protein-1884,Peptide-440
Protein-1920,Peptide-441
Protein-1920,Peptide-442
Protein-1921,Peptide-441
Protein-1921,Peptide-442
Protein-1922,Peptide-443
Protein-1923,Peptide-444
Protein-1965,Peptide-445
Protein-1966,Peptide-446
Protein-1967,Peptide-447
Protein-1968,Peptide-448
Protein-2004,Peptide-449
Protein-2005,Peptide-450
Protein-2006,Peptide-451
Protein-2007,Peptide-452
Protein-2038,Peptide-453
Protein-2039,Peptide-454
Protein-2040,Peptide-455
Protein-2040,Peptide-456
Protein-2041,Peptide-455
Protein-2041,Peptide-456
Protein-2077,Peptide-457
Protein-2078,Peptide-458
Protein-2079,Peptide-459
Protein-1797,Peptide-479
Protein-1992,Peptide-497
Protein-2026,Peptide-498
Protein-299,Peptide-499
Protein-456,Peptide-500
Protein-490,Peptide-501
Protein-863,Peptide-502
Protein-1020,Peptide-503
Protein-1054,Peptide-504
Protein-1272,Peptide-505
Protein-1306,Peptide-506
Protein-1429,Peptide-507
Protein-1463,Peptide-508
Protein-1605,Peptide-509
Protein-1639,Peptide-510
Protein-1712,Peptide-508
Protein-1746,Peptide-509
Protein-1836,Peptide-510
Protein-1870,Peptide-508
Protein-1993,Peptide-509
Protein-2027,Peptide-510
Protein-152,Peptide-508
Protein-186,Peptide-509
Protein-343,Peptide-510
Protein-519,Peptide-508
Protein-626,Peptide-509
Protein-750,Peptide-510
Protein-907,Peptide-508
Protein-1120,Peptide-509
Protein-1159,Peptide-510
Protein-1092,Peptide-520
Protein-1344,Peptide-521
Protein-1501,Peptide-522
Protein-1535,Peptide-523
Protein-1908,Peptide-524
Protein-2065,Peptide-525
Protein-2099,Peptide-526
Protein-1093,Peptide-527
Protein-1345,Peptide-528
Protein-1502,Peptide-529
Protein-1536,Peptide-530
Protein-113,Peptide-533
Protein-153,Peptide-534
Protein-187,Peptide-535
Protein-344,Peptide-536
Protein-520,Peptide-537
Protein-627,Peptide-538
Protein-751,Peptide-539
Protein-908,Peptide-540
Protein-1121,Peptide-541
Protein-1160,Peptide-542
Protein-225,Peptide-543
Protein-259,Peptide-544
Protein-382,Peptide-545
Protein-416,Peptide-546
Protein-558,Peptide-547
Protein-592,Peptide-548
Protein-665,Peptide-549
Protein-699,Peptide-550
Protein-789,Peptide-550
Protein-823,Peptide-550
Protein-946,Peptide-550
Protein-980,Peptide-553
Protein-1198,Peptide-554
Protein-1232,Peptide-555
Protein-1389,Peptide-556
Protein-1565,Peptide-557
Protein-1672,Peptide-558
Protein-1796,Peptide-559
Protein-1796,Peptide-560
Protein-1953,Peptide-559
Protein-1953,Peptide-560
